	Time [s]	Minimum [mm]	Maximum [mm]	Average [mm]	
1	1.6667e-004	2.4028e-002	2.4028e-002	2.4028e-002	
2	3.3333e-004	7.3419e-002	7.3419e-002	7.3419e-002	
3	5.0003e-004	0.12019	0.12019	0.12019	
4	6.6673e-004	0.16585	0.16585	0.16585	
5	8.3343e-004	0.2305	0.2305	0.2305	
6	1.0001e-003	0.30224	0.30224	0.30224	
7	1.1668e-003	0.34648	0.34648	0.34648	
8	1.3335e-003	0.35936	0.35936	0.35936	
9	1.5002e-003	0.35675	0.35675	0.35675	
10	1.6669e-003	0.33663	0.33663	0.33663	
11	1.8336e-003	0.29066	0.29066	0.29066	
12	2.0003e-003	0.2272	0.2272	0.2272	
13	2.167e-003	0.16488	0.16488	0.16488	
14	2.3337e-003	0.11293	0.11293	0.11293	
15	2.5004e-003	7.2107e-002	7.2107e-002	7.2107e-002	
16	2.6671e-003	4.8727e-002	4.8727e-002	4.8727e-002	
17	2.8338e-003	5.1184e-002	5.1184e-002	5.1184e-002	
18	3.0005e-003	7.8466e-002	7.8466e-002	7.8466e-002	
19	3.1672e-003	0.12096	0.12096	0.12096	
20	3.3339e-003	0.17132	0.17132	0.17132	
21	3.5006e-003	0.22627	0.22627	0.22627	
22	3.6673e-003	0.27722	0.27722	0.27722	
23	3.834e-003	0.31163	0.31163	0.31163	
24	4.0007e-003	0.32468	0.32468	0.32468	
25	4.1674e-003	0.3201	0.3201	0.3201	
26	4.3341e-003	0.29936	0.29936	0.29936	
27	4.5008e-003	0.2611	0.2611	0.2611	
28	4.6675e-003	0.21167	0.21167	0.21167	
29	4.8342e-003	0.1642	0.1642	0.1642	
30	5.0009e-003	0.1263	0.1263	0.1263	
31	5.1676e-003	9.8907e-002	9.8907e-002	9.8907e-002	
32	5.3343e-003	8.5805e-002	8.5805e-002	8.5805e-002	
33	5.501e-003	9.2835e-002	9.2835e-002	9.2835e-002	
34	5.6677e-003	0.11781	0.11781	0.11781	
35	5.8344e-003	0.15123	0.15123	0.15123	
36	6.0011e-003	0.1867	0.1867	0.1867	
37	6.1678e-003	0.22219	0.22219	0.22219	
38	6.3345e-003	0.25265	0.25265	0.25265	
39	6.5012e-003	0.26995	0.26995	0.26995	
40	6.6679e-003	0.27077	0.27077	0.27077	
41	6.8346e-003	0.25823	0.25823	0.25823	
42	7.0013e-003	0.23584	0.23584	0.23584	
43	7.168e-003	0.20567	0.20567	0.20567	
44	7.3347e-003	0.17263	0.17263	0.17263	
45	7.5014e-003	0.14471	0.14471	0.14471	
46	7.6681e-003	0.12734	0.12734	0.12734	
47	7.8348e-003	0.12111	0.12111	0.12111	
48	8.0015e-003	0.1256	0.1256	0.1256	
49	8.1682e-003	0.14131	0.14131	0.14131	
50	8.3349e-003	0.16606	0.16606	0.16606	
51	8.5016e-003	0.19331	0.19331	0.19331	
52	8.6683e-003	0.21638	0.21638	0.21638	
53	8.835e-003	0.2319	0.2319	0.2319	
54	9.0017e-003	0.23812	0.23812	0.23812	
55	9.1684e-003	0.23309	0.23309	0.23309	
56	9.3351e-003	0.21668	0.21668	0.21668	
57	9.5018e-003	0.19222	0.19222	0.19222	
58	9.6685e-003	0.16462	0.16462	0.16462	
59	9.8352e-003	0.13836	0.13836	0.13836	
60	1.0002e-002	0.11797	0.11797	0.11797	
61	1.0169e-002	0.10796	0.10796	0.10796	
62	1.0335e-002	0.11076	0.11076	0.11076	
63	1.0502e-002	0.12545	0.12545	0.12545	
64	1.0669e-002	0.14912	0.14912	0.14912	
65	1.0835e-002	0.17805	0.17805	0.17805	
66	1.1002e-002	0.20736	0.20736	0.20736	
67	1.1169e-002	0.23128	0.23128	0.23128	
68	1.1336e-002	0.24503	0.24503	0.24503	
69	1.1502e-002	0.24611	0.24611	0.24611	
70	1.1669e-002	0.23393	0.23393	0.23393	
71	1.1836e-002	0.20944	0.20944	0.20944	
72	1.2002e-002	0.17584	0.17584	0.17584	
73	1.2169e-002	0.13864	0.13864	0.13864	
74	1.2336e-002	0.10417	0.10417	0.10417	
75	1.2502e-002	7.8e-002	7.8e-002	7.8e-002	
76	1.2669e-002	6.4457e-002	6.4457e-002	6.4457e-002	
77	1.2836e-002	6.6206e-002	6.6206e-002	6.6206e-002	
78	1.3003e-002	8.3265e-002	8.3265e-002	8.3265e-002	
79	1.3169e-002	0.11277	0.11277	0.11277	
80	1.3336e-002	0.14999	0.14999	0.14999	
81	1.3503e-002	0.1893	0.1893	0.1893	
82	1.3669e-002	0.22436	0.22436	0.22436	
83	1.3836e-002	0.24884	0.24884	0.24884	
84	1.4003e-002	0.25816	0.25816	0.25816	
85	1.4169e-002	0.25083	0.25083	0.25083	
86	1.4336e-002	0.22797	0.22797	0.22797	
87	1.4503e-002	0.19254	0.19254	0.19254	
88	1.467e-002	0.1493	0.1493	0.1493	
89	1.4836e-002	0.10476	0.10476	0.10476	
90	1.5003e-002	6.6023e-002	6.6023e-002	6.6023e-002	
91	1.517e-002	3.9178e-002	3.9178e-002	3.9178e-002	
92	1.5336e-002	2.8228e-002	2.8228e-002	2.8228e-002	
93	1.5503e-002	3.4743e-002	3.4743e-002	3.4743e-002	
94	1.567e-002	5.7568e-002	5.7568e-002	5.7568e-002	
95	1.5836e-002	9.2841e-002	9.2841e-002	9.2841e-002	
96	1.6003e-002	0.13476	0.13476	0.13476	
97	1.617e-002	0.17673	0.17673	0.17673	
98	1.6337e-002	0.21227	0.21227	0.21227	
99	1.6503e-002	0.23575	0.23575	0.23575	
100	1.667e-002	0.2433	0.2433	0.2433	
101	1.6837e-002	0.23362	0.23362	0.23362	
102	1.7003e-002	0.20818	0.20818	0.20818	
103	1.717e-002	0.17089	0.17089	0.17089	
104	1.7337e-002	0.12744	0.12744	0.12744	
105	1.7503e-002	8.4517e-002	8.4517e-002	8.4517e-002	
106	1.767e-002	4.8605e-002	4.8605e-002	4.8605e-002	
107	1.7837e-002	2.4868e-002	2.4868e-002	2.4868e-002	
108	1.8004e-002	1.6416e-002	1.6416e-002	1.6416e-002	
109	1.817e-002	2.4003e-002	2.4003e-002	2.4003e-002	
110	1.8337e-002	4.5908e-002	4.5908e-002	4.5908e-002	
111	1.8504e-002	7.8131e-002	7.8131e-002	7.8131e-002	
112	1.867e-002	0.11511	0.11511	0.11511	
113	1.8837e-002	0.15076	0.15076	0.15076	
114	1.9004e-002	0.17945	0.17945	0.17945	
115	1.917e-002	0.19677	0.19677	0.19677	
116	1.9337e-002	0.20013	0.20013	0.20013	
117	1.9504e-002	0.18924	0.18924	0.18924	
118	1.9671e-002	0.1661	0.1661	0.1661	
119	1.9837e-002	0.13456	0.13456	0.13456	
120	2.0004e-002	9.965e-002	9.965e-002	9.965e-002	
121	2.0171e-002	6.6843e-002	6.6843e-002	6.6843e-002	
122	2.0337e-002	4.1128e-002	4.1128e-002	4.1128e-002	
123	2.0504e-002	2.6138e-002	2.6138e-002	2.6138e-002	
124	2.0671e-002	2.3532e-002	2.3532e-002	2.3532e-002	
125	2.0837e-002	3.2815e-002	3.2815e-002	3.2815e-002	
126	2.1004e-002	5.1554e-002	5.1554e-002	5.1554e-002	
127	2.1171e-002	7.5929e-002	7.5929e-002	7.5929e-002	
128	2.1338e-002	0.10147	0.10147	0.10147	
129	2.1504e-002	0.12378	0.12378	0.12378	
130	2.1671e-002	0.13908	0.13908	0.13908	
131	2.1838e-002	0.1448	0.1448	0.1448	
132	2.2004e-002	0.14005	0.14005	0.14005	
133	2.2171e-002	0.12592	0.12592	0.12592	
134	2.2338e-002	0.10519	0.10519	0.10519	
135	2.2504e-002	8.1628e-002	8.1628e-002	8.1628e-002	
136	2.2671e-002	5.9221e-002	5.9221e-002	5.9221e-002	
137	2.2838e-002	4.1577e-002	4.1577e-002	4.1577e-002	
138	2.3005e-002	3.1373e-002	3.1373e-002	3.1373e-002	
139	2.3171e-002	2.9883e-002	2.9883e-002	2.9883e-002	
140	2.3338e-002	3.673e-002	3.673e-002	3.673e-002	
141	2.3505e-002	5.0007e-002	5.0007e-002	5.0007e-002	
142	2.3671e-002	6.6704e-002	6.6704e-002	6.6704e-002	
143	2.3838e-002	8.3281e-002	8.3281e-002	8.3281e-002	
144	2.4005e-002	9.6309e-002	9.6309e-002	9.6309e-002	
145	2.4171e-002	0.10307	0.10307	0.10307	
146	2.4338e-002	0.10204	0.10204	0.10204	
147	2.4505e-002	9.3121e-002	9.3121e-002	9.3121e-002	
148	2.4672e-002	7.7659e-002	7.7659e-002	7.7659e-002	
149	2.4838e-002	5.824e-002	5.824e-002	5.824e-002	
150	2.5005e-002	3.8239e-002	3.8239e-002	3.8239e-002	
151	2.5172e-002	2.1203e-002	2.1203e-002	2.1203e-002	
152	2.5338e-002	1.0175e-002	1.0175e-002	1.0175e-002	
153	2.5505e-002	7.1123e-003	7.1123e-003	7.1123e-003	
154	2.5672e-002	1.2486e-002	1.2486e-002	1.2486e-002	
155	2.5838e-002	2.5173e-002	2.5173e-002	2.5173e-002	
156	2.6005e-002	4.2678e-002	4.2678e-002	4.2678e-002	
157	2.6172e-002	6.161e-002	6.161e-002	6.161e-002	
158	2.6339e-002	7.8299e-002	7.8299e-002	7.8299e-002	
159	2.6505e-002	8.9407e-002	8.9407e-002	8.9407e-002	
160	2.6672e-002	9.2475e-002	9.2475e-002	9.2475e-002	
161	2.6839e-002	8.6352e-002	8.6352e-002	8.6352e-002	
162	2.7005e-002	7.1434e-002	7.1434e-002	7.1434e-002	
163	2.7172e-002	4.9677e-002	4.9677e-002	4.9677e-002	
164	2.7339e-002	2.4328e-002	2.4328e-002	2.4328e-002	
165	2.7505e-002	-6.0776e-004	-6.0776e-004	-6.0776e-004	
166	2.7672e-002	-2.1081e-002	-2.1081e-002	-2.1081e-002	
167	2.7839e-002	-3.3748e-002	-3.3748e-002	-3.3748e-002	
168	2.8006e-002	-3.6555e-002	-3.6555e-002	-3.6555e-002	
169	2.8172e-002	-2.9076e-002	-2.9076e-002	-2.9076e-002	
170	2.8339e-002	-1.2582e-002	-1.2582e-002	-1.2582e-002	
171	2.8506e-002	1.0135e-002	1.0135e-002	1.0135e-002	
172	2.8672e-002	3.5182e-002	3.5182e-002	3.5182e-002	
173	2.8839e-002	5.8191e-002	5.8191e-002	5.8191e-002	
174	2.9006e-002	7.5052e-002	7.5052e-002	7.5052e-002	
175	2.9172e-002	8.2617e-002	8.2617e-002	8.2617e-002	
176	2.9339e-002	7.9223e-002	7.9223e-002	7.9223e-002	
177	2.9506e-002	6.4976e-002	6.4976e-002	6.4976e-002	
178	2.9673e-002	4.1742e-002	4.1742e-002	4.1742e-002	
179	2.9839e-002	1.286e-002	1.286e-002	1.286e-002	
180	3.0006e-002	-1.7359e-002	-1.7359e-002	-1.7359e-002	
181	3.0173e-002	-4.4307e-002	-4.4307e-002	-4.4307e-002	
182	3.0339e-002	-6.384e-002	-6.384e-002	-6.384e-002	
183	3.0506e-002	-7.3002e-002	-7.3002e-002	-7.3002e-002	
184	3.0673e-002	-7.056e-002	-7.056e-002	-7.056e-002	
185	3.0839e-002	-5.7208e-002	-5.7208e-002	-5.7208e-002	
186	3.1006e-002	-3.5414e-002	-3.5414e-002	-3.5414e-002	
187	3.1173e-002	-8.9796e-003	-8.9796e-003	-8.9796e-003	
188	3.134e-002	1.7597e-002	1.7597e-002	1.7597e-002	
189	3.1506e-002	3.9824e-002	3.9824e-002	3.9824e-002	
190	3.1673e-002	5.3908e-002	5.3908e-002	5.3908e-002	
191	3.184e-002	5.7352e-002	5.7352e-002	5.7352e-002	
192	3.2006e-002	4.9369e-002	4.9369e-002	4.9369e-002	
193	3.2173e-002	3.1028e-002	3.1028e-002	3.1028e-002	
194	3.234e-002	5.0949e-003	5.0949e-003	5.0949e-003	
195	3.2506e-002	-2.4431e-002	-2.4431e-002	-2.4431e-002	
196	3.2673e-002	-5.2986e-002	-5.2986e-002	-5.2986e-002	
197	3.284e-002	-7.621e-002	-7.621e-002	-7.621e-002	
198	3.3007e-002	-9.0671e-002	-9.0671e-002	-9.0671e-002	
199	3.3173e-002	-9.4432e-002	-9.4432e-002	-9.4432e-002	
200	3.334e-002	-8.7344e-002	-8.7344e-002	-8.7344e-002	
201	3.3507e-002	-7.1034e-002	-7.1034e-002	-7.1034e-002	
202	3.3673e-002	-4.861e-002	-4.861e-002	-4.861e-002	
203	3.384e-002	-2.4135e-002	-2.4135e-002	-2.4135e-002	
204	3.4007e-002	-1.9578e-003	-1.9578e-003	-1.9578e-003	
205	3.4173e-002	1.4006e-002	1.4006e-002	1.4006e-002	
206	3.434e-002	2.0924e-002	2.0924e-002	2.0924e-002	
207	3.4507e-002	1.7518e-002	1.7518e-002	1.7518e-002	
208	3.4674e-002	4.2505e-003	4.2505e-003	4.2505e-003	
209	3.484e-002	-1.6773e-002	-1.6773e-002	-1.6773e-002	
210	3.5007e-002	-4.2174e-002	-4.2174e-002	-4.2174e-002	
211	3.5174e-002	-6.7861e-002	-6.7861e-002	-6.7861e-002	
212	3.534e-002	-8.9723e-002	-8.9723e-002	-8.9723e-002	
213	3.5507e-002	-0.10433	-0.10433	-0.10433	
214	3.5674e-002	-0.10956	-0.10956	-0.10956	
215	3.584e-002	-0.10492	-0.10492	-0.10492	
216	3.6007e-002	-9.1656e-002	-9.1656e-002	-9.1656e-002	
217	3.6174e-002	-7.2456e-002	-7.2456e-002	-7.2456e-002	
218	3.6341e-002	-5.0975e-002	-5.0975e-002	-5.0975e-002	
219	3.6507e-002	-3.1212e-002	-3.1212e-002	-3.1212e-002	
220	3.6674e-002	-1.6852e-002	-1.6852e-002	-1.6852e-002	
221	3.6841e-002	-1.0671e-002	-1.0671e-002	-1.0671e-002	
222	3.7007e-002	-1.4055e-002	-1.4055e-002	-1.4055e-002	
223	3.7174e-002	-2.6749e-002	-2.6749e-002	-2.6749e-002	
224	3.7341e-002	-4.6866e-002	-4.6866e-002	-4.6866e-002	
225	3.7507e-002	-7.1205e-002	-7.1205e-002	-7.1205e-002	
226	3.7674e-002	-9.5799e-002	-9.5799e-002	-9.5799e-002	
227	3.7841e-002	-0.11661	-0.11661	-0.11661	
228	3.8008e-002	-0.13024	-0.13024	-0.13024	
229	3.8174e-002	-0.13453	-0.13453	-0.13453	
230	3.8341e-002	-0.12888	-0.12888	-0.12888	
231	3.8508e-002	-0.11444	-0.11444	-0.11444	
232	3.8674e-002	-9.3827e-002	-9.3827e-002	-9.3827e-002	
233	3.8841e-002	-7.0772e-002	-7.0772e-002	-7.0772e-002	
234	3.9008e-002	-4.9446e-002	-4.9446e-002	-4.9446e-002	
235	3.9174e-002	-3.3784e-002	-3.3784e-002	-3.3784e-002	
236	3.9341e-002	-2.6814e-002	-2.6814e-002	-2.6814e-002	
237	3.9508e-002	-3.0143e-002	-3.0143e-002	-3.0143e-002	
238	3.9675e-002	-4.3677e-002	-4.3677e-002	-4.3677e-002	
239	3.9841e-002	-6.5605e-002	-6.5605e-002	-6.5605e-002	
240	4.0008e-002	-9.2683e-002	-9.2683e-002	-9.2683e-002	
241	4.0175e-002	-0.12075	-0.12075	-0.12075	
242	4.0341e-002	-0.14539	-0.14539	-0.14539	
243	4.0508e-002	-0.16272	-0.16272	-0.16272	
244	4.0675e-002	-0.16997	-0.16997	-0.16997	
245	4.0841e-002	-0.16606	-0.16606	-0.16606	
246	4.1008e-002	-0.15168	-0.15168	-0.15168	
247	4.1175e-002	-0.12929	-0.12929	-0.12929	
248	4.1342e-002	-0.10264	-0.10264	-0.10264	
249	4.1508e-002	-7.6186e-002	-7.6186e-002	-7.6186e-002	
250	4.1675e-002	-5.4403e-002	-5.4403e-002	-5.4403e-002	
251	4.1842e-002	-4.1059e-002	-4.1059e-002	-4.1059e-002	
252	4.2008e-002	-3.8621e-002	-3.8621e-002	-3.8621e-002	
253	4.2175e-002	-4.7837e-002	-4.7837e-002	-4.7837e-002	
254	4.2342e-002	-6.7593e-002	-6.7593e-002	-6.7593e-002	
255	4.2508e-002	-9.506e-002	-9.506e-002	-9.506e-002	
256	4.2675e-002	-0.12615	-0.12615	-0.12615	
257	4.2842e-002	-0.15617	-0.15617	-0.15617	
258	4.3009e-002	-0.1806	-0.1806	-0.1806	
259	4.3175e-002	-0.19582	-0.19582	-0.19582	
260	4.3342e-002	-0.19969	-0.19969	-0.19969	
261	4.3509e-002	-0.19183	-0.19183	-0.19183	
262	4.3675e-002	-0.17374	-0.17374	-0.17374	
263	4.3842e-002	-0.14847	-0.14847	-0.14847	
264	4.4009e-002	-0.12018	-0.12018	-0.12018	
265	4.4175e-002	-9.349e-002	-9.349e-002	-9.349e-002	
266	4.4342e-002	-7.27e-002	-7.27e-002	-7.27e-002	
267	4.4509e-002	-6.1161e-002	-6.1161e-002	-6.1161e-002	
268	4.4676e-002	-6.0747e-002	-6.0747e-002	-6.0747e-002	
269	4.4842e-002	-7.1577e-002	-7.1577e-002	-7.1577e-002	
270	4.5009e-002	-9.202e-002	-9.202e-002	-9.202e-002	
271	4.5176e-002	-0.11896	-0.11896	-0.11896	
272	4.5342e-002	-0.14832	-0.14832	-0.14832	
273	4.5509e-002	-0.1757	-0.1757	-0.1757	
274	4.5676e-002	-0.19712	-0.19712	-0.19712	
275	4.5842e-002	-0.20961	-0.20961	-0.20961	
276	4.6009e-002	-0.21168	-0.21168	-0.21168	
277	4.6176e-002	-0.20352	-0.20352	-0.20352	
278	4.6343e-002	-0.18687	-0.18687	-0.18687	
279	4.6509e-002	-0.16475	-0.16475	-0.16475	
280	4.6676e-002	-0.14093	-0.14093	-0.14093	
281	4.6843e-002	-0.11933	-0.11933	-0.11933	
282	4.7009e-002	-0.10338	-0.10338	-0.10338	
283	4.7176e-002	-9.5531e-002	-9.5531e-002	-9.5531e-002	
284	4.7343e-002	-9.6848e-002	-9.6848e-002	-9.6848e-002	
285	4.7509e-002	-0.1069	-0.1069	-0.1069	
286	4.7676e-002	-0.12387	-0.12387	-0.12387	
287	4.7843e-002	-0.14491	-0.14491	-0.14491	
288	4.801e-002	-0.16663	-0.16663	-0.16663	
289	4.8176e-002	-0.18574	-0.18574	-0.18574	
290	4.8343e-002	-0.19949	-0.19949	-0.19949	
291	4.851e-002	-0.20619	-0.20619	-0.20619	
292	4.8676e-002	-0.20535	-0.20535	-0.20535	
293	4.8843e-002	-0.19773	-0.19773	-0.19773	
294	4.901e-002	-0.18519	-0.18519	-0.18519	
295	4.9176e-002	-0.17027	-0.17027	-0.17027	
296	4.9343e-002	-0.1558	-0.1558	-0.1558	
297	4.951e-002	-0.14435	-0.14435	-0.14435	
298	4.9677e-002	-0.13785	-0.13785	-0.13785	
299	4.9843e-002	-0.13727	-0.13727	-0.13727	
300	5.001e-002	-0.14247	-0.14247	-0.14247	
301	5.0177e-002	-0.15229	-0.15229	-0.15229	
302	5.0343e-002	-0.1648	-0.1648	-0.1648	
303	5.051e-002	-0.17763	-0.17763	-0.17763	
304	5.0677e-002	-0.18851	-0.18851	-0.18851	
305	5.0843e-002	-0.1956	-0.1956	-0.1956	
306	5.101e-002	-0.19788	-0.19788	-0.19788	
307	5.1177e-002	-0.19527	-0.19527	-0.19527	
308	5.1344e-002	-0.18865	-0.18865	-0.18865	
309	5.151e-002	-0.17965	-0.17965	-0.17965	
310	5.1677e-002	-0.17033	-0.17033	-0.17033	
311	5.1844e-002	-0.16279	-0.16279	-0.16279	
312	5.201e-002	-0.15879	-0.15879	-0.15879	
313	5.2177e-002	-0.15941	-0.15941	-0.15941	
314	5.2344e-002	-0.16484	-0.16484	-0.16484	
315	5.251e-002	-0.1743	-0.1743	-0.1743	
316	5.2677e-002	-0.18619	-0.18619	-0.18619	
317	5.2844e-002	-0.19838	-0.19838	-0.19838	
318	5.3011e-002	-0.20859	-0.20859	-0.20859	
319	5.3177e-002	-0.21485	-0.21485	-0.21485	
320	5.3344e-002	-0.21581	-0.21581	-0.21581	
321	5.3511e-002	-0.2111	-0.2111	-0.2111	
322	5.3677e-002	-0.20135	-0.20135	-0.20135	
323	5.3844e-002	-0.18814	-0.18814	-0.18814	
324	5.4011e-002	-0.17373	-0.17373	-0.17373	
325	5.4177e-002	-0.16072	-0.16072	-0.16072	
326	5.4344e-002	-0.15159	-0.15159	-0.15159	
327	5.4511e-002	-0.14826	-0.14826	-0.14826	
328	5.4678e-002	-0.15174	-0.15174	-0.15174	
329	5.4844e-002	-0.16192	-0.16192	-0.16192	
330	5.5011e-002	-0.17755	-0.17755	-0.17755	
331	5.5178e-002	-0.1964	-0.1964	-0.1964	
332	5.5344e-002	-0.21559	-0.21559	-0.21559	
333	5.5511e-002	-0.23209	-0.23209	-0.23209	
334	5.5678e-002	-0.24316	-0.24316	-0.24316	
335	5.5844e-002	-0.24688	-0.24688	-0.24688	
336	5.6011e-002	-0.24246	-0.24246	-0.24246	
337	5.6178e-002	-0.2304	-0.2304	-0.2304	
338	5.6345e-002	-0.21242	-0.21242	-0.21242	
339	5.6511e-002	-0.19125	-0.19125	-0.19125	
340	5.6678e-002	-0.17015	-0.17015	-0.17015	
341	5.6845e-002	-0.15245	-0.15245	-0.15245	
342	5.7011e-002	-0.14102	-0.14102	-0.14102	
343	5.7178e-002	-0.13778	-0.13778	-0.13778	
344	5.7345e-002	-0.14346	-0.14346	-0.14346	
345	5.7511e-002	-0.15737	-0.15737	-0.15737	
346	5.7678e-002	-0.17756	-0.17756	-0.17756	
347	5.7845e-002	-0.20108	-0.20108	-0.20108	
348	5.8012e-002	-0.22443	-0.22443	-0.22443	
349	5.8178e-002	-0.24413	-0.24413	-0.24413	
350	5.8345e-002	-0.25727	-0.25727	-0.25727	
351	5.8512e-002	-0.2619	-0.2619	-0.2619	
352	5.8678e-002	-0.25738	-0.25738	-0.25738	
353	5.8845e-002	-0.24446	-0.24446	-0.24446	
354	5.9012e-002	-0.22512	-0.22512	-0.22512	
355	5.9178e-002	-0.20231	-0.20231	-0.20231	
356	5.9345e-002	-0.17945	-0.17945	-0.17945	
357	5.9512e-002	-0.15993	-0.15993	-0.15993	
358	5.9679e-002	-0.14658	-0.14658	-0.14658	
359	5.9845e-002	-0.14129	-0.14129	-0.14129	
360	6.0012e-002	-0.14467	-0.14467	-0.14467	
361	6.0179e-002	-0.15604	-0.15604	-0.15604	
362	6.0345e-002	-0.17355	-0.17355	-0.17355	
363	6.0512e-002	-0.19447	-0.19447	-0.19447	
364	6.0679e-002	-0.21565	-0.21565	-0.21565	
365	6.0845e-002	-0.23401	-0.23401	-0.23401	
366	6.1012e-002	-0.24701	-0.24701	-0.24701	
367	6.1179e-002	-0.253	-0.253	-0.253	
368	6.1346e-002	-0.25142	-0.25142	-0.25142	
369	6.1512e-002	-0.24286	-0.24286	-0.24286	
370	6.1679e-002	-0.2289	-0.2289	-0.2289	
371	6.1846e-002	-0.21182	-0.21182	-0.21182	
372	6.2012e-002	-0.19424	-0.19424	-0.19424	
373	6.2179e-002	-0.17868	-0.17868	-0.17868	
374	6.2346e-002	-0.16723	-0.16723	-0.16723	
375	6.2512e-002	-0.16122	-0.16122	-0.16122	
376	6.2679e-002	-0.16107	-0.16107	-0.16107	
377	6.2846e-002	-0.1663	-0.1663	-0.1663	
378	6.3013e-002	-0.17564	-0.17564	-0.17564	
379	6.3179e-002	-0.18735	-0.18735	-0.18735	
380	6.3346e-002	-0.19948	-0.19948	-0.19948	
381	6.3513e-002	-0.21023	-0.21023	-0.21023	
382	6.3679e-002	-0.2182	-0.2182	-0.2182	
383	6.3846e-002	-0.22258	-0.22258	-0.22258	
384	6.4013e-002	-0.22323	-0.22323	-0.22323	
385	6.4179e-002	-0.22058	-0.22058	-0.22058	
386	6.4346e-002	-0.21554	-0.21554	-0.21554	
387	6.4513e-002	-0.20924	-0.20924	-0.20924	
388	6.468e-002	-0.20283	-0.20283	-0.20283	
389	6.4846e-002	-0.19725	-0.19725	-0.19725	
390	6.5013e-002	-0.19308	-0.19308	-0.19308	
391	6.518e-002	-0.19048	-0.19048	-0.19048	
392	6.5346e-002	-0.18924	-0.18924	-0.18924	
393	6.5513e-002	-0.18884	-0.18884	-0.18884	
394	6.568e-002	-0.18868	-0.18868	-0.18868	
395	6.5846e-002	-0.1882	-0.1882	-0.1882	
396	6.6013e-002	-0.18709	-0.18709	-0.18709	
397	6.618e-002	-0.18535	-0.18535	-0.18535	
398	6.6347e-002	-0.18331	-0.18331	-0.18331	
399	6.6513e-002	-0.18157	-0.18157	-0.18157	
400	6.668e-002	-0.18084	-0.18084	-0.18084	
401	6.6847e-002	-0.18175	-0.18175	-0.18175	
402	6.7013e-002	-0.18473	-0.18473	-0.18473	
403	6.718e-002	-0.18978	-0.18978	-0.18978	
404	6.7347e-002	-0.19646	-0.19646	-0.19646	
405	6.7513e-002	-0.20388	-0.20388	-0.20388	
406	6.768e-002	-0.21079	-0.21079	-0.21079	
407	6.7847e-002	-0.2158	-0.2158	-0.2158	
408	6.8014e-002	-0.21762	-0.21762	-0.21762	
409	6.818e-002	-0.21533	-0.21533	-0.21533	
410	6.8347e-002	-0.20857	-0.20857	-0.20857	
411	6.8514e-002	-0.19774	-0.19774	-0.19774	
412	6.868e-002	-0.18395	-0.18395	-0.18395	
413	6.8847e-002	-0.16896	-0.16896	-0.16896	
414	6.9014e-002	-0.15489	-0.15489	-0.15489	
415	6.918e-002	-0.1439	-0.1439	-0.1439	
416	6.9347e-002	-0.13787	-0.13787	-0.13787	
417	6.9514e-002	-0.13805	-0.13805	-0.13805	
418	6.9681e-002	-0.14478	-0.14478	-0.14478	
419	6.9847e-002	-0.15742	-0.15742	-0.15742	
420	7.0014e-002	-0.17433	-0.17433	-0.17433	
421	7.0181e-002	-0.19313	-0.19313	-0.19313	
422	7.0347e-002	-0.21095	-0.21095	-0.21095	
423	7.0514e-002	-0.22495	-0.22495	-0.22495	
424	7.0681e-002	-0.23268	-0.23268	-0.23268	
425	7.0847e-002	-0.23256	-0.23256	-0.23256	
426	7.1014e-002	-0.22412	-0.22412	-0.22412	
427	7.1181e-002	-0.20815	-0.20815	-0.20815	
428	7.1348e-002	-0.18659	-0.18659	-0.18659	
429	7.1514e-002	-0.16233	-0.16233	-0.16233	
430	7.1681e-002	-0.13876	-0.13876	-0.13876	
431	7.1848e-002	-0.11925	-0.11925	-0.11925	
432	7.2014e-002	-0.10667	-0.10667	-0.10667	
433	7.2181e-002	-0.10293	-0.10293	-0.10293	
434	7.2348e-002	-0.10866	-0.10866	-0.10866	
435	7.2514e-002	-0.12307	-0.12307	-0.12307	
436	7.2681e-002	-0.14406	-0.14406	-0.14406	
437	7.2848e-002	-0.16848	-0.16848	-0.16848	
438	7.3015e-002	-0.19265	-0.19265	-0.19265	
439	7.3181e-002	-0.21283	-0.21283	-0.21283	
440	7.3348e-002	-0.22587	-0.22587	-0.22587	
441	7.3515e-002	-0.22963	-0.22963	-0.22963	
442	7.3681e-002	-0.22337	-0.22337	-0.22337	
443	7.3848e-002	-0.20783	-0.20783	-0.20783	
444	7.4015e-002	-0.18512	-0.18512	-0.18512	
445	7.4181e-002	-0.15845	-0.15845	-0.15845	
446	7.4348e-002	-0.13158	-0.13158	-0.13158	
447	7.4515e-002	-0.10829	-0.10829	-0.10829	
448	7.4682e-002	-9.1827e-002	-9.1827e-002	-9.1827e-002	
449	7.4848e-002	-8.4382e-002	-8.4382e-002	-8.4382e-002	
450	7.5015e-002	-8.6788e-002	-8.6788e-002	-8.6788e-002	
451	7.5182e-002	-9.8396e-002	-9.8396e-002	-9.8396e-002	
452	7.5348e-002	-0.11719	-0.11719	-0.11719	
453	7.5515e-002	-0.14011	-0.14011	-0.14011	
454	7.5682e-002	-0.16352	-0.16352	-0.16352	
455	7.5848e-002	-0.18378	-0.18378	-0.18378	
456	7.6015e-002	-0.19779	-0.19779	-0.19779	
457	7.6182e-002	-0.20346	-0.20346	-0.20346	
458	7.6349e-002	-0.2	-0.2	-0.2	
459	7.6515e-002	-0.18801	-0.18801	-0.18801	
460	7.6682e-002	-0.16936	-0.16936	-0.16936	
461	7.6849e-002	-0.14687	-0.14687	-0.14687	
462	7.7015e-002	-0.12384	-0.12384	-0.12384	
463	7.7182e-002	-0.10354	-0.10354	-0.10354	
464	7.7349e-002	-8.871e-002	-8.871e-002	-8.871e-002	
465	7.7515e-002	-8.1151e-002	-8.1151e-002	-8.1151e-002	
466	7.7682e-002	-8.1478e-002	-8.1478e-002	-8.1478e-002	
467	7.7849e-002	-8.9066e-002	-8.9066e-002	-8.9066e-002	
468	7.8016e-002	-0.10219	-0.10219	-0.10219	
469	7.8182e-002	-0.11835	-0.11835	-0.11835	
470	7.8349e-002	-0.13468	-0.13468	-0.13468	
471	7.8516e-002	-0.14846	-0.14846	-0.14846	
472	7.8682e-002	-0.15747	-0.15747	-0.15747	
473	7.8849e-002	-0.16042	-0.16042	-0.16042	
474	7.9016e-002	-0.15702	-0.15702	-0.15702	
475	7.9182e-002	-0.14802	-0.14802	-0.14802	
476	7.9349e-002	-0.13504	-0.13504	-0.13504	
477	7.9516e-002	-0.12025	-0.12025	-0.12025	
478	7.9683e-002	-0.10598	-0.10598	-0.10598	
479	7.9849e-002	-9.4337e-002	-9.4337e-002	-9.4337e-002	
480	8.0016e-002	-8.6835e-002	-8.6835e-002	-8.6835e-002	
481	8.0183e-002	-8.419e-002	-8.419e-002	-8.419e-002	
482	8.0349e-002	-8.6223e-002	-8.6223e-002	-8.6223e-002	
483	8.0516e-002	-9.1933e-002	-9.1933e-002	-9.1933e-002	
484	8.0683e-002	-9.9717e-002	-9.9717e-002	-9.9717e-002	
485	8.0849e-002	-0.10769	-0.10769	-0.10769	
486	8.1016e-002	-0.11402	-0.11402	-0.11402	
487	8.1183e-002	-0.1173	-0.1173	-0.1173	
488	8.135e-002	-0.11675	-0.11675	-0.11675	
489	8.1516e-002	-0.11239	-0.11239	-0.11239	
490	8.1683e-002	-0.10496	-0.10496	-0.10496	
491	8.185e-002	-9.5803e-002	-9.5803e-002	-9.5803e-002	
492	8.2016e-002	-8.6591e-002	-8.6591e-002	-8.6591e-002	
493	8.2183e-002	-7.8992e-002	-7.8992e-002	-7.8992e-002	
494	8.235e-002	-7.4352e-002	-7.4352e-002	-7.4352e-002	
495	8.2516e-002	-7.3437e-002	-7.3437e-002	-7.3437e-002	
496	8.2683e-002	-7.6272e-002	-7.6272e-002	-7.6272e-002	
497	8.285e-002	-8.2123e-002	-8.2123e-002	-8.2123e-002	
498	8.3017e-002	-8.9624e-002	-8.9624e-002	-8.9624e-002	
499	8.3183e-002	-9.7016e-002	-9.7016e-002	-9.7016e-002	
500	8.335e-002	-0.10247	-0.10247	-0.10247	
501	8.3517e-002	-0.10445	-0.10445	-0.10445	
502	8.3683e-002	-0.10199	-0.10199	-0.10199	
503	8.385e-002	-9.4896e-002	-9.4896e-002	-9.4896e-002	
504	8.4017e-002	-8.384e-002	-8.384e-002	-8.384e-002	
505	8.4183e-002	-7.0254e-002	-7.0254e-002	-7.0254e-002	
506	8.435e-002	-5.6111e-002	-5.6111e-002	-5.6111e-002	
507	8.4517e-002	-4.3601e-002	-4.3601e-002	-4.3601e-002	
508	8.4684e-002	-3.4755e-002	-3.4755e-002	-3.4755e-002	
509	8.485e-002	-3.1078e-002	-3.1078e-002	-3.1078e-002	
510	8.5017e-002	-3.3264e-002	-3.3264e-002	-3.3264e-002	
511	8.5184e-002	-4.1043e-002	-4.1043e-002	-4.1043e-002	
512	8.535e-002	-5.3173e-002	-5.3173e-002	-5.3173e-002	
513	8.5517e-002	-6.762e-002	-6.762e-002	-6.762e-002	
514	8.5684e-002	-8.1858e-002	-8.1858e-002	-8.1858e-002	
515	8.585e-002	-9.3283e-002	-9.3283e-002	-9.3283e-002	
516	8.6017e-002	-9.9637e-002	-9.9637e-002	-9.9637e-002	
517	8.6184e-002	-9.9397e-002	-9.9397e-002	-9.9397e-002	
518	8.6351e-002	-9.2054e-002	-9.2054e-002	-9.2054e-002	
519	8.6517e-002	-7.8223e-002	-7.8223e-002	-7.8223e-002	
520	8.6684e-002	-5.958e-002	-5.958e-002	-5.958e-002	
521	8.6851e-002	-3.8624e-002	-3.8624e-002	-3.8624e-002	
522	8.7017e-002	-1.8293e-002	-1.8293e-002	-1.8293e-002	
523	8.7184e-002	-1.5121e-003	-1.5121e-003	-1.5121e-003	
524	8.7351e-002	9.2741e-003	9.2741e-003	9.2741e-003	
525	8.7517e-002	1.25e-002	1.25e-002	1.25e-002	
526	8.7684e-002	7.7439e-003	7.7439e-003	7.7439e-003	
527	8.7851e-002	-4.1783e-003	-4.1783e-003	-4.1783e-003	
528	8.8018e-002	-2.1321e-002	-2.1321e-002	-2.1321e-002	
529	8.8184e-002	-4.0895e-002	-4.0895e-002	-4.0895e-002	
530	8.8351e-002	-5.9689e-002	-5.9689e-002	-5.9689e-002	
531	8.8518e-002	-7.4569e-002	-7.4569e-002	-7.4569e-002	
532	8.8684e-002	-8.2969e-002	-8.2969e-002	-8.2969e-002	
533	8.8851e-002	-8.3292e-002	-8.3292e-002	-8.3292e-002	
534	8.9018e-002	-7.5167e-002	-7.5167e-002	-7.5167e-002	
535	8.9184e-002	-5.9514e-002	-5.9514e-002	-5.9514e-002	
536	8.9351e-002	-3.8406e-002	-3.8406e-002	-3.8406e-002	
537	8.9518e-002	-1.4756e-002	-1.4756e-002	-1.4756e-002	
538	8.9685e-002	8.1338e-003	8.1338e-003	8.1338e-003	
539	8.9851e-002	2.7077e-002	2.7077e-002	2.7077e-002	
540	9.0018e-002	3.9493e-002	3.9493e-002	3.9493e-002	
541	9.0185e-002	4.3806e-002	4.3806e-002	4.3806e-002	
542	9.0351e-002	3.9682e-002	3.9682e-002	3.9682e-002	
543	9.0518e-002	2.8071e-002	2.8071e-002	2.8071e-002	
544	9.0685e-002	1.1053e-002	1.1053e-002	1.1053e-002	
545	9.0851e-002	-8.4902e-003	-8.4902e-003	-8.4902e-003	
546	9.1018e-002	-2.7332e-002	-2.7332e-002	-2.7332e-002	
547	9.1185e-002	-4.2398e-002	-4.2398e-002	-4.2398e-002	
548	9.1352e-002	-5.1234e-002	-5.1234e-002	-5.1234e-002	
549	9.1518e-002	-5.2377e-002	-5.2377e-002	-5.2377e-002	
550	9.1685e-002	-4.5554e-002	-4.5554e-002	-4.5554e-002	
551	9.1852e-002	-3.1711e-002	-3.1711e-002	-3.1711e-002	
552	9.2018e-002	-1.2835e-002	-1.2835e-002	-1.2835e-002	
553	9.2185e-002	8.3659e-003	8.3659e-003	8.3659e-003	
554	9.2352e-002	2.8895e-002	2.8895e-002	2.8895e-002	
555	9.2518e-002	4.5937e-002	4.5937e-002	4.5937e-002	
556	9.2685e-002	5.7284e-002	5.7284e-002	5.7284e-002	
557	9.2852e-002	6.1665e-002	6.1665e-002	6.1665e-002	
558	9.3019e-002	5.8915e-002	5.8915e-002	5.8915e-002	
559	9.3185e-002	4.9971e-002	4.9971e-002	4.9971e-002	
560	9.3352e-002	3.6691e-002	3.6691e-002	3.6691e-002	
561	9.3519e-002	2.1538e-002	2.1538e-002	2.1538e-002	
562	9.3685e-002	7.1681e-003	7.1681e-003	7.1681e-003	
563	9.3852e-002	-3.9835e-003	-3.9835e-003	-3.9835e-003	
564	9.4019e-002	-1.0083e-002	-1.0083e-002	-1.0083e-002	
565	9.4185e-002	-1.0159e-002	-1.0159e-002	-1.0159e-002	
566	9.4352e-002	-4.2268e-003	-4.2268e-003	-4.2268e-003	
567	9.4519e-002	6.7573e-003	6.7573e-003	6.7573e-003	
568	9.4686e-002	2.1083e-002	2.1083e-002	2.1083e-002	
569	9.4852e-002	3.659e-002	3.659e-002	3.659e-002	
570	9.5019e-002	5.1032e-002	5.1032e-002	5.1032e-002	
571	9.5186e-002	6.2443e-002	6.2443e-002	6.2443e-002	
572	9.5352e-002	6.9443e-002	6.9443e-002	6.9443e-002	
573	9.5519e-002	7.1437e-002	7.1437e-002	7.1437e-002	
574	9.5686e-002	6.8674e-002	6.8674e-002	6.8674e-002	
575	9.5852e-002	6.2171e-002	6.2171e-002	6.2171e-002	
576	9.6019e-002	5.3507e-002	5.3507e-002	5.3507e-002	
577	9.6186e-002	4.4536e-002	4.4536e-002	4.4536e-002	
578	9.6353e-002	3.7062e-002	3.7062e-002	3.7062e-002	
579	9.6519e-002	3.2541e-002	3.2541e-002	3.2541e-002	
580	9.6686e-002	3.1852e-002	3.1852e-002	3.1852e-002	
581	9.6853e-002	3.5169e-002	3.5169e-002	3.5169e-002	
582	9.7019e-002	4.1966e-002	4.1966e-002	4.1966e-002	
583	9.7186e-002	5.1135e-002	5.1135e-002	5.1135e-002	
584	9.7353e-002	6.12e-002	6.12e-002	6.12e-002	
585	9.7519e-002	7.0591e-002	7.0591e-002	7.0591e-002	
586	9.7686e-002	7.7922e-002	7.7922e-002	7.7922e-002	
587	9.7853e-002	8.223e-002	8.223e-002	8.223e-002	
588	9.802e-002	8.3139e-002	8.3139e-002	8.3139e-002	
589	9.8186e-002	8.0902e-002	8.0902e-002	8.0902e-002	
590	9.8353e-002	7.6347e-002	7.6347e-002	7.6347e-002	
591	9.852e-002	7.0705e-002	7.0705e-002	7.0705e-002	
592	9.8686e-002	6.5385e-002	6.5385e-002	6.5385e-002	
593	9.8853e-002	6.1709e-002	6.1709e-002	6.1709e-002	
594	9.902e-002	6.0678e-002	6.0678e-002	6.0678e-002	
595	9.9186e-002	6.2791e-002	6.2791e-002	6.2791e-002	
596	9.9353e-002	6.7962e-002	6.7962e-002	6.7962e-002	
597	9.952e-002	7.5538e-002	7.5538e-002	7.5538e-002	
598	9.9687e-002	8.442e-002	8.442e-002	8.442e-002	
599	9.9853e-002	9.3263e-002	9.3263e-002	9.3263e-002	
600	0.10002	0.10071	0.10071	0.10071	
601	0.10019	0.10566	0.10566	0.10566	
602	0.10035	0.10741	0.10741	0.10741	
603	0.10052	0.10586	0.10586	0.10586	
604	0.10069	0.10149	0.10149	0.10149	
605	0.10085	9.5257e-002	9.5257e-002	9.5257e-002	
606	0.10102	8.8496e-002	8.8496e-002	8.8496e-002	
607	0.10119	8.264e-002	8.264e-002	8.264e-002	
608	0.10135	7.8986e-002	7.8986e-002	7.8986e-002	
609	0.10152	7.8471e-002	7.8471e-002	7.8471e-002	
610	0.10169	8.1507e-002	8.1507e-002	8.1507e-002	
611	0.10185	8.7903e-002	8.7903e-002	8.7903e-002	
612	0.10202	9.6897e-002	9.6897e-002	9.6897e-002	
613	0.10219	0.10728	0.10728	0.10728	
614	0.10235	0.11758	0.11758	0.11758	
615	0.10252	0.12636	0.12636	0.12636	
616	0.10269	0.13238	0.13238	0.13238	
617	0.10285	0.13487	0.13487	0.13487	
618	0.10302	0.13365	0.13365	0.13365	
619	0.10319	0.12913	0.12913	0.12913	
620	0.10335	0.12226	0.12226	0.12226	
621	0.10352	0.1144	0.1144	0.1144	
622	0.10369	0.10703	0.10703	0.10703	
623	0.10385	0.10156	0.10156	0.10156	
624	0.10402	9.9064e-002	9.9064e-002	9.9064e-002	
625	0.10419	0.10014	0.10014	0.10014	
626	0.10435	0.10479	0.10479	0.10479	
627	0.10452	0.11242	0.11242	0.11242	
628	0.10469	0.12199	0.12199	0.12199	
629	0.10485	0.13213	0.13213	0.13213	
630	0.10502	0.14142	0.14142	0.14142	
631	0.10519	0.14861	0.14861	0.14861	
632	0.10535	0.15281	0.15281	0.15281	
633	0.10552	0.15364	0.15364	0.15364	
634	0.10569	0.15128	0.15128	0.15128	
635	0.10585	0.14643	0.14643	0.14643	
636	0.10602	0.14019	0.14019	0.14019	
637	0.10619	0.13384	0.13384	0.13384	
638	0.10635	0.12863	0.12863	0.12863	
639	0.10652	0.1256	0.1256	0.1256	
640	0.10669	0.12535	0.12535	0.12535	
641	0.10685	0.12801	0.12801	0.12801	
642	0.10702	0.13319	0.13319	0.13319	
643	0.10719	0.14008	0.14008	0.14008	
644	0.10735	0.14762	0.14762	0.14762	
645	0.10752	0.15465	0.15465	0.15465	
646	0.10769	0.16014	0.16014	0.16014	
647	0.10785	0.1634	0.1634	0.1634	
648	0.10802	0.16413	0.16413	0.16413	
649	0.10819	0.16252	0.16252	0.16252	
650	0.10835	0.15918	0.15918	0.15918	
651	0.10852	0.15502	0.15502	0.15502	
652	0.10869	0.15108	0.15108	0.15108	
653	0.10886	0.14836	0.14836	0.14836	
654	0.10902	0.14758	0.14758	0.14758	
655	0.10919	0.1491	0.1491	0.1491	
656	0.10936	0.15282	0.15282	0.15282	
657	0.10952	0.15822	0.15822	0.15822	
658	0.10969	0.16445	0.16445	0.16445	
659	0.10986	0.17048	0.17048	0.17048	
660	0.11002	0.17528	0.17528	0.17528	
661	0.11019	0.17803	0.17803	0.17803	
662	0.11036	0.1783	0.1783	0.1783	
663	0.11052	0.17609	0.17609	0.17609	
664	0.11069	0.17188	0.17188	0.17188	
665	0.11086	0.16654	0.16654	0.16654	
666	0.11102	0.1612	0.1612	0.1612	
667	0.11119	0.15704	0.15704	0.15704	
668	0.11136	0.15508	0.15508	0.15508	
669	0.11152	0.15597	0.15597	0.15597	
670	0.11169	0.1599	0.1599	0.1599	
671	0.11186	0.16653	0.16653	0.16653	
672	0.11202	0.17499	0.17499	0.17499	
673	0.11219	0.18408	0.18408	0.18408	
674	0.11236	0.19241	0.19241	0.19241	
675	0.11252	0.19867	0.19867	0.19867	
676	0.11269	0.20181	0.20181	0.20181	
677	0.11286	0.20129	0.20129	0.20129	
678	0.11302	0.19713	0.19713	0.19713	
679	0.11319	0.18998	0.18998	0.18998	
680	0.11336	0.18098	0.18098	0.18098	
681	0.11352	0.17164	0.17164	0.17164	
682	0.11369	0.16356	0.16356	0.16356	
683	0.11386	0.15821	0.15821	0.15821	
684	0.11402	0.15664	0.15664	0.15664	
685	0.11419	0.15935	0.15935	0.15935	
686	0.11436	0.16615	0.16615	0.16615	
687	0.11452	0.1762	0.1762	0.1762	
688	0.11469	0.18811	0.18811	0.18811	
689	0.11486	0.2002	0.2002	0.2002	
690	0.11502	0.21067	0.21067	0.21067	
691	0.11519	0.21799	0.21799	0.21799	
692	0.11536	0.22105	0.22105	0.22105	
693	0.11552	0.21941	0.21941	0.21941	
694	0.11569	0.21335	0.21335	0.21335	
695	0.11586	0.20381	0.20381	0.20381	
696	0.11602	0.1923	0.1923	0.1923	
697	0.11619	0.18063	0.18063	0.18063	
698	0.11636	0.17064	0.17064	0.17064	
699	0.11652	0.16392	0.16392	0.16392	
700	0.11669	0.16154	0.16154	0.16154	
701	0.11686	0.16393	0.16393	0.16393	
702	0.11702	0.17078	0.17078	0.17078	
703	0.11719	0.18109	0.18109	0.18109	
704	0.11736	0.19336	0.19336	0.19336	
705	0.11752	0.2058	0.2058	0.2058	
706	0.11769	0.21661	0.21661	0.21661	
707	0.11786	0.22425	0.22425	0.22425	
708	0.11802	0.22772	0.22772	0.22772	
709	0.11819	0.22661	0.22661	0.22661	
710	0.11836	0.22126	0.22126	0.22126	
711	0.11852	0.21262	0.21262	0.21262	
712	0.11869	0.2021	0.2021	0.2021	
713	0.11886	0.19137	0.19137	0.19137	
714	0.11902	0.18208	0.18208	0.18208	
715	0.11919	0.17558	0.17558	0.17558	
716	0.11936	0.17278	0.17278	0.17278	
717	0.11952	0.17398	0.17398	0.17398	
718	0.11969	0.17883	0.17883	0.17883	
719	0.11986	0.18648	0.18648	0.18648	
720	0.12002	0.19566	0.19566	0.19566	
721	0.12019	0.20493	0.20493	0.20493	
722	0.12036	0.21291	0.21291	0.21291	
723	0.12052	0.2185	0.2185	0.2185	
724	0.12069	0.22103	0.22103	0.22103	
725	0.12086	0.22034	0.22034	0.22034	
726	0.12102	0.2168	0.2168	0.2168	
727	0.12119	0.21119	0.21119	0.21119	
728	0.12136	0.20458	0.20458	0.20458	
729	0.12152	0.19809	0.19809	0.19809	
730	0.12169	0.19276	0.19276	0.19276	
731	0.12186	0.18934	0.18934	0.18934	
732	0.12202	0.18818	0.18818	0.18818	
733	0.12219	0.18924	0.18924	0.18924	
734	0.12236	0.19207	0.19207	0.19207	
735	0.12252	0.19595	0.19595	0.19595	
736	0.12269	0.20004	0.20004	0.20004	
737	0.12286	0.20352	0.20352	0.20352	
738	0.12302	0.20576	0.20576	0.20576	
739	0.12319	0.20643	0.20643	0.20643	
740	0.12336	0.20554	0.20554	0.20554	
741	0.12352	0.20344	0.20344	0.20344	
742	0.12369	0.2007	0.2007	0.2007	
743	0.12386	0.19802	0.19802	0.19802	
744	0.12402	0.19608	0.19608	0.19608	
745	0.12419	0.19537	0.19537	0.19537	
746	0.12436	0.19611	0.19611	0.19611	
747	0.12452	0.19818	0.19818	0.19818	
748	0.12469	0.20115	0.20115	0.20115	
749	0.12486	0.20435	0.20435	0.20435	
750	0.12502	0.207	0.207	0.207	
751	0.12519	0.20836	0.20836	0.20836	
752	0.12536	0.20788	0.20788	0.20788	
753	0.12553	0.20533	0.20533	0.20533	
754	0.12569	0.20088	0.20088	0.20088	
755	0.12586	0.19507	0.19507	0.19507	
756	0.12603	0.18875	0.18875	0.18875	
757	0.12619	0.18296	0.18296	0.18296	
758	0.12636	0.17871	0.17871	0.17871	
759	0.12653	0.17686	0.17686	0.17686	
760	0.12669	0.17789	0.17789	0.17789	
761	0.12686	0.18184	0.18184	0.18184	
762	0.12703	0.18823	0.18823	0.18823	
763	0.12719	0.19617	0.19617	0.19617	
764	0.12736	0.2044	0.2044	0.2044	
765	0.12753	0.21156	0.21156	0.21156	
766	0.12769	0.21636	0.21636	0.21636	
767	0.12786	0.21781	0.21781	0.21781	
768	0.12803	0.21539	0.21539	0.21539	
769	0.12819	0.20916	0.20916	0.20916	
770	0.12836	0.19981	0.19981	0.19981	
771	0.12853	0.18851	0.18851	0.18851	
772	0.12869	0.17682	0.17682	0.17682	
773	0.12886	0.16639	0.16639	0.16639	
774	0.12903	0.15876	0.15876	0.15876	
775	0.12919	0.1551	0.1551	0.1551	
776	0.12936	0.156	0.156	0.156	
777	0.12953	0.16138	0.16138	0.16138	
778	0.12969	0.1705	0.1705	0.1705	
779	0.12986	0.18199	0.18199	0.18199	
780	0.13003	0.19415	0.19415	0.19415	
781	0.13019	0.20508	0.20508	0.20508	
782	0.13036	0.21308	0.21308	0.21308	
783	0.13053	0.21681	0.21681	0.21681	
784	0.13069	0.21556	0.21556	0.21556	
785	0.13086	0.20933	0.20933	0.20933	
786	0.13103	0.19885	0.19885	0.19885	
787	0.13119	0.18549	0.18549	0.18549	
788	0.13136	0.17103	0.17103	0.17103	
789	0.13153	0.15742	0.15742	0.15742	
790	0.13169	0.1465	0.1465	0.1465	
791	0.13186	0.1397	0.1397	0.1397	
792	0.13203	0.13787	0.13787	0.13787	
793	0.13219	0.14112	0.14112	0.14112	
794	0.13236	0.14886	0.14886	0.14886	
795	0.13253	0.15982	0.15982	0.15982	
796	0.13269	0.1723	0.1723	0.1723	
797	0.13286	0.18442	0.18442	0.18442	
798	0.13303	0.19434	0.19434	0.19434	
799	0.13319	0.2006	0.2006	0.2006	
800	0.13336	0.20225	0.20225	0.20225	
801	0.13353	0.19903	0.19903	0.19903	
802	0.13369	0.19136	0.19136	0.19136	
803	0.13386	0.18027	0.18027	0.18027	
804	0.13403	0.16725	0.16725	0.16725	
805	0.13419	0.15399	0.15399	0.15399	
806	0.13436	0.14218	0.14218	0.14218	
807	0.13453	0.13323	0.13323	0.13323	
808	0.13469	0.12811	0.12811	0.12811	
809	0.13486	0.12722	0.12722	0.12722	
810	0.13503	0.13036	0.13036	0.13036	
811	0.13519	0.13679	0.13679	0.13679	
812	0.13536	0.14536	0.14536	0.14536	
813	0.13553	0.15468	0.15468	0.15468	
814	0.13569	0.16333	0.16333	0.16333	
815	0.13586	0.17008	0.17008	0.17008	
816	0.13603	0.17401	0.17401	0.17401	
817	0.13619	0.17463	0.17463	0.17463	
818	0.13636	0.17193	0.17193	0.17193	
819	0.13653	0.16633	0.16633	0.16633	
820	0.13669	0.15858	0.15858	0.15858	
821	0.13686	0.14966	0.14966	0.14966	
822	0.13703	0.1406	0.1406	0.1406	
823	0.13719	0.13238	0.13238	0.13238	
824	0.13736	0.12574	0.12574	0.12574	
825	0.13753	0.1212	0.1212	0.1212	
826	0.13769	0.11894	0.11894	0.11894	
827	0.13786	0.11886	0.11886	0.11886	
828	0.13803	0.12062	0.12062	0.12062	
829	0.13819	0.12373	0.12373	0.12373	
830	0.13836	0.12759	0.12759	0.12759	
831	0.13853	0.13162	0.13162	0.13162	
832	0.13869	0.13528	0.13528	0.13528	
833	0.13886	0.13815	0.13815	0.13815	
834	0.13903	0.13993	0.13993	0.13993	
835	0.13919	0.14045	0.14045	0.14045	
836	0.13936	0.13964	0.13964	0.13964	
837	0.13953	0.13751	0.13751	0.13751	
838	0.13969	0.13419	0.13419	0.13419	
839	0.13986	0.12983	0.12983	0.12983	
840	0.14003	0.12465	0.12465	0.12465	
841	0.14019	0.11893	0.11893	0.11893	
842	0.14036	0.11299	0.11299	0.11299	
843	0.14053	0.10722	0.10722	0.10722	
844	0.14069	0.10203	0.10203	0.10203	
845	0.14086	9.782e-002	9.782e-002	9.782e-002	
846	0.14103	9.4974e-002	9.4974e-002	9.4974e-002	
847	0.14119	9.3767e-002	9.3767e-002	9.3767e-002	
848	0.14136	9.433e-002	9.433e-002	9.433e-002	
849	0.14153	9.6603e-002	9.6603e-002	9.6603e-002	
850	0.14169	0.10031	0.10031	0.10031	
851	0.14186	0.10495	0.10495	0.10495	
852	0.14203	0.10985	0.10985	0.10985	
853	0.1422	0.11424	0.11424	0.11424	
854	0.14236	0.11732	0.11732	0.11732	
855	0.14253	0.11841	0.11841	0.11841	
856	0.1427	0.11701	0.11701	0.11701	
857	0.14286	0.11295	0.11295	0.11295	
858	0.14303	0.10638	0.10638	0.10638	
859	0.1432	9.7839e-002	9.7839e-002	9.7839e-002	
860	0.14336	8.8154e-002	8.8154e-002	8.8154e-002	
861	0.14353	7.837e-002	7.837e-002	7.837e-002	
862	0.1437	6.9605e-002	6.9605e-002	6.9605e-002	
863	0.14386	6.2893e-002	6.2893e-002	6.2893e-002	
864	0.14403	5.9031e-002	5.9031e-002	5.9031e-002	
865	0.1442	5.8448e-002	5.8448e-002	5.8448e-002	
866	0.14436	6.1129e-002	6.1129e-002	6.1129e-002	
867	0.14453	6.6593e-002	6.6593e-002	6.6593e-002	
868	0.1447	7.3948e-002	7.3948e-002	7.3948e-002	
869	0.14486	8.2003e-002	8.2003e-002	8.2003e-002	
870	0.14503	8.943e-002	8.943e-002	8.943e-002	
871	0.1452	9.4957e-002	9.4957e-002	9.4957e-002	
872	0.14536	9.7551e-002	9.7551e-002	9.7551e-002	
873	0.14553	9.6575e-002	9.6575e-002	9.6575e-002	
874	0.1457	9.1889e-002	9.1889e-002	9.1889e-002	
875	0.14586	8.3881e-002	8.3881e-002	8.3881e-002	
876	0.14603	7.3419e-002	7.3419e-002	7.3419e-002	
877	0.1462	6.1729e-002	6.1729e-002	6.1729e-002	
878	0.14636	5.0219e-002	5.0219e-002	5.0219e-002	
879	0.14653	4.0278e-002	4.0278e-002	4.0278e-002	
880	0.1467	3.3072e-002	3.3072e-002	3.3072e-002	
881	0.14686	2.937e-002	2.937e-002	2.937e-002	
882	0.14703	2.9436e-002	2.9436e-002	2.9436e-002	
883	0.1472	3.299e-002	3.299e-002	3.299e-002	
884	0.14736	3.9254e-002	3.9254e-002	3.9254e-002	
885	0.14753	4.7067e-002	4.7067e-002	4.7067e-002	
886	0.1477	5.5062e-002	5.5062e-002	5.5062e-002	
887	0.14786	6.1868e-002	6.1868e-002	6.1868e-002	
888	0.14803	6.6311e-002	6.6311e-002	6.6311e-002	
889	0.1482	6.7586e-002	6.7586e-002	6.7586e-002	
890	0.14836	6.5363e-002	6.5363e-002	6.5363e-002	
891	0.14853	5.9827e-002	5.9827e-002	5.9827e-002	
892	0.1487	5.1639e-002	5.1639e-002	5.1639e-002	
893	0.14886	4.1821e-002	4.1821e-002	4.1821e-002	
894	0.14903	3.1595e-002	3.1595e-002	3.1595e-002	
895	0.1492	2.2195e-002	2.2195e-002	2.2195e-002	
896	0.14936	1.4678e-002	1.4678e-002	1.4678e-002	
897	0.14953	9.7784e-003	9.7784e-003	9.7784e-003	
898	0.1497	7.8093e-003	7.8093e-003	7.8093e-003	
899	0.14986	8.6341e-003	8.6341e-003	8.6341e-003	
900	0.15003	1.1711e-002	1.1711e-002	1.1711e-002	
901	0.1502	1.6195e-002	1.6195e-002	1.6195e-002	
902	0.15036	2.1088e-002	2.1088e-002	2.1088e-002	
903	0.15053	2.5396e-002	2.5396e-002	2.5396e-002	
904	0.1507	2.8288e-002	2.8288e-002	2.8288e-002	
905	0.15086	2.9211e-002	2.9211e-002	2.9211e-002	
906	0.15103	2.7963e-002	2.7963e-002	2.7963e-002	
907	0.1512	2.4694e-002	2.4694e-002	2.4694e-002	
908	0.15136	1.9857e-002	1.9857e-002	1.9857e-002	
909	0.15153	1.4111e-002	1.4111e-002	1.4111e-002	
910	0.1517	8.1905e-003	8.1905e-003	8.1905e-003	
911	0.15186	2.7803e-003	2.7803e-003	2.7803e-003	
912	0.15203	-1.6022e-003	-1.6022e-003	-1.6022e-003	
913	0.1522	-4.6803e-003	-4.6803e-003	-4.6803e-003	
914	0.15236	-6.4458e-003	-6.4458e-003	-6.4458e-003	
915	0.15253	-7.1349e-003	-7.1349e-003	-7.1349e-003	
916	0.1527	-7.1612e-003	-7.1612e-003	-7.1612e-003	
917	0.15286	-7.0177e-003	-7.0177e-003	-7.0177e-003	
918	0.15303	-7.1698e-003	-7.1698e-003	-7.1698e-003	
919	0.1532	-7.9589e-003	-7.9589e-003	-7.9589e-003	
920	0.15336	-9.5355e-003	-9.5355e-003	-9.5355e-003	
921	0.15353	-1.1834e-002	-1.1834e-002	-1.1834e-002	
922	0.1537	-1.4592e-002	-1.4592e-002	-1.4592e-002	
923	0.15386	-1.7418e-002	-1.7418e-002	-1.7418e-002	
924	0.15403	-1.9878e-002	-1.9878e-002	-1.9878e-002	
925	0.1542	-2.1599e-002	-2.1599e-002	-2.1599e-002	
926	0.15436	-2.2365e-002	-2.2365e-002	-2.2365e-002	
927	0.15453	-2.2174e-002	-2.2174e-002	-2.2174e-002	
928	0.1547	-2.1262e-002	-2.1262e-002	-2.1262e-002	
929	0.15486	-2.0072e-002	-2.0072e-002	-2.0072e-002	
930	0.15503	-1.918e-002	-1.918e-002	-1.918e-002	
931	0.1552	-1.919e-002	-1.919e-002	-1.919e-002	
932	0.15536	-2.0608e-002	-2.0608e-002	-2.0608e-002	
933	0.15553	-2.3736e-002	-2.3736e-002	-2.3736e-002	
934	0.1557	-2.8588e-002	-2.8588e-002	-2.8588e-002	
935	0.15586	-3.4857e-002	-3.4857e-002	-3.4857e-002	
936	0.15603	-4.1939e-002	-4.1939e-002	-4.1939e-002	
937	0.1562	-4.9017e-002	-4.9017e-002	-4.9017e-002	
938	0.15636	-5.5185e-002	-5.5185e-002	-5.5185e-002	
939	0.15653	-5.9601e-002	-5.9601e-002	-5.9601e-002	
940	0.1567	-6.164e-002	-6.164e-002	-6.164e-002	
941	0.15686	-6.1018e-002	-6.1018e-002	-6.1018e-002	
942	0.15703	-5.7869e-002	-5.7869e-002	-5.7869e-002	
943	0.1572	-5.275e-002	-5.275e-002	-5.275e-002	
944	0.15736	-4.6584e-002	-4.6584e-002	-4.6584e-002	
945	0.15753	-4.0527e-002	-4.0527e-002	-4.0527e-002	
946	0.1577	-3.5795e-002	-3.5795e-002	-3.5795e-002	
947	0.15786	-3.3471e-002	-3.3471e-002	-3.3471e-002	
948	0.15803	-3.4319e-002	-3.4319e-002	-3.4319e-002	
949	0.1582	-3.8647e-002	-3.8647e-002	-3.8647e-002	
950	0.15836	-4.6229e-002	-4.6229e-002	-4.6229e-002	
951	0.15853	-5.6321e-002	-5.6321e-002	-5.6321e-002	
952	0.1587	-6.775e-002	-6.775e-002	-6.775e-002	
953	0.15887	-7.9081e-002	-7.9081e-002	-7.9081e-002	
954	0.15903	-8.8835e-002	-8.8835e-002	-8.8835e-002	
955	0.1592	-9.5718e-002	-9.5718e-002	-9.5718e-002	
956	0.15937	-9.883e-002	-9.883e-002	-9.883e-002	
957	0.15953	-9.7821e-002	-9.7821e-002	-9.7821e-002	
958	0.1597	-9.2959e-002	-9.2959e-002	-9.2959e-002	
959	0.15987	-8.5111e-002	-8.5111e-002	-8.5111e-002	
960	0.16003	-7.5624e-002	-7.5624e-002	-7.5624e-002	
961	0.1602	-6.6126e-002	-6.6126e-002	-6.6126e-002	
962	0.16037	-5.8285e-002	-5.8285e-002	-5.8285e-002	
963	0.16053	-5.3551e-002	-5.3551e-002	-5.3551e-002	
964	0.1607	-5.2927e-002	-5.2927e-002	-5.2927e-002	
965	0.16087	-5.681e-002	-5.681e-002	-5.681e-002	
966	0.16103	-6.4914e-002	-6.4914e-002	-6.4914e-002	
967	0.1612	-7.6312e-002	-7.6312e-002	-7.6312e-002	
968	0.16137	-8.9561e-002	-8.9561e-002	-8.9561e-002	
969	0.16153	-0.10292	-0.10292	-0.10292	
970	0.1617	-0.11463	-0.11463	-0.11463	
971	0.16187	-0.12314	-0.12314	-0.12314	
972	0.16203	-0.1274	-0.1274	-0.1274	
973	0.1622	-0.12699	-0.12699	-0.12699	
974	0.16237	-0.1222	-0.1222	-0.1222	
975	0.16253	-0.11397	-0.11397	-0.11397	
976	0.1627	-0.10379	-0.10379	-0.10379	
977	0.16287	-9.3419e-002	-9.3419e-002	-9.3419e-002	
978	0.16303	-8.4638e-002	-8.4638e-002	-8.4638e-002	
979	0.1632	-7.8984e-002	-7.8984e-002	-7.8984e-002	
980	0.16337	-7.7506e-002	-7.7506e-002	-7.7506e-002	
981	0.16353	-8.0604e-002	-8.0604e-002	-8.0604e-002	
982	0.1637	-8.7976e-002	-8.7976e-002	-8.7976e-002	
983	0.16387	-9.8671e-002	-9.8671e-002	-9.8671e-002	
984	0.16403	-0.11123	-0.11123	-0.11123	
985	0.1642	-0.12395	-0.12395	-0.12395	
986	0.16437	-0.13509	-0.13509	-0.13509	
987	0.16453	-0.1432	-0.1432	-0.1432	
988	0.1647	-0.14732	-0.14732	-0.14732	
989	0.16487	-0.14711	-0.14711	-0.14711	
990	0.16503	-0.14291	-0.14291	-0.14291	
991	0.1652	-0.13567	-0.13567	-0.13567	
992	0.16537	-0.12679	-0.12679	-0.12679	
993	0.16553	-0.1179	-0.1179	-0.1179	
994	0.1657	-0.11057	-0.11057	-0.11057	
995	0.16587	-0.10613	-0.10613	-0.10613	
996	0.16603	-0.1054	-0.1054	-0.1054	
997	0.1662	-0.10858	-0.10858	-0.10858	
998	0.16637	-0.11528	-0.11528	-0.11528	
999	0.16653	-0.12453	-0.12453	-0.12453	
1000	0.1667	-0.13499	-0.13499	-0.13499	
1001	0.16687	-0.14518	-0.14518	-0.14518	
1002	0.16703	-0.15367	-0.15367	-0.15367	
1003	0.1672	-0.15935	-0.15935	-0.15935	
1004	0.16737	-0.1616	-0.1616	-0.1616	
1005	0.16753	-0.16037	-0.16037	-0.16037	
1006	0.1677	-0.15617	-0.15617	-0.15617	
1007	0.16787	-0.14997	-0.14997	-0.14997	
1008	0.16803	-0.14306	-0.14306	-0.14306	
1009	0.1682	-0.13679	-0.13679	-0.13679	
1010	0.16837	-0.13238	-0.13238	-0.13238	
1011	0.16853	-0.13071	-0.13071	-0.13071	
1012	0.1687	-0.13218	-0.13218	-0.13218	
1013	0.16887	-0.13664	-0.13664	-0.13664	
1014	0.16903	-0.14346	-0.14346	-0.14346	
1015	0.1692	-0.15162	-0.15162	-0.15162	
1016	0.16937	-0.15989	-0.15989	-0.15989	
1017	0.16953	-0.16706	-0.16706	-0.16706	
1018	0.1697	-0.17209	-0.17209	-0.17209	
1019	0.16987	-0.17436	-0.17436	-0.17436	
1020	0.17003	-0.1737	-0.1737	-0.1737	
1021	0.1702	-0.17046	-0.17046	-0.17046	
1022	0.17037	-0.1654	-0.1654	-0.1654	
1023	0.17053	-0.1596	-0.1596	-0.1596	
1024	0.1707	-0.15425	-0.15425	-0.15425	
1025	0.17087	-0.15043	-0.15043	-0.15043	
1026	0.17103	-0.14899	-0.14899	-0.14899	
1027	0.1712	-0.15033	-0.15033	-0.15033	
1028	0.17137	-0.15438	-0.15438	-0.15438	
1029	0.17153	-0.16061	-0.16061	-0.16061	
1030	0.1717	-0.16812	-0.16812	-0.16812	
1031	0.17187	-0.17579	-0.17579	-0.17579	
1032	0.17203	-0.18247	-0.18247	-0.18247	
1033	0.1722	-0.18718	-0.18718	-0.18718	
1034	0.17237	-0.18925	-0.18925	-0.18925	
1035	0.17253	-0.18849	-0.18849	-0.18849	
1036	0.1727	-0.18516	-0.18516	-0.18516	
1037	0.17287	-0.17994	-0.17994	-0.17994	
1038	0.17303	-0.17384	-0.17384	-0.17384	
1039	0.1732	-0.16803	-0.16803	-0.16803	
1040	0.17337	-0.1636	-0.1636	-0.1636	
1041	0.17353	-0.16143	-0.16143	-0.16143	
1042	0.1737	-0.16202	-0.16202	-0.16202	
1043	0.17387	-0.16541	-0.16541	-0.16541	
1044	0.17403	-0.17118	-0.17118	-0.17118	
1045	0.1742	-0.17852	-0.17852	-0.17852	
1046	0.17437	-0.18635	-0.18635	-0.18635	
1047	0.17453	-0.19352	-0.19352	-0.19352	
1048	0.1747	-0.19899	-0.19899	-0.19899	
1049	0.17487	-0.20199	-0.20199	-0.20199	
1050	0.17503	-0.20216	-0.20216	-0.20216	
1051	0.1752	-0.1996	-0.1996	-0.1996	
1052	0.17537	-0.19484	-0.19484	-0.19484	
1053	0.17554	-0.18878	-0.18878	-0.18878	
1054	0.1757	-0.18249	-0.18249	-0.18249	
1055	0.17587	-0.17709	-0.17709	-0.17709	
1056	0.17604	-0.17353	-0.17353	-0.17353	
1057	0.1762	-0.17245	-0.17245	-0.17245	
1058	0.17637	-0.17407	-0.17407	-0.17407	
1059	0.17654	-0.17818	-0.17818	-0.17818	
1060	0.1767	-0.18417	-0.18417	-0.18417	
1061	0.17687	-0.19114	-0.19114	-0.19114	
1062	0.17704	-0.19802	-0.19802	-0.19802	
1063	0.1772	-0.20381	-0.20381	-0.20381	
1064	0.17737	-0.20769	-0.20769	-0.20769	
1065	0.17754	-0.20916	-0.20916	-0.20916	
1066	0.1777	-0.20813	-0.20813	-0.20813	
1067	0.17787	-0.20492	-0.20492	-0.20492	
1068	0.17804	-0.20019	-0.20019	-0.20019	
1069	0.1782	-0.19482	-0.19482	-0.19482	
1070	0.17837	-0.18977	-0.18977	-0.18977	
1071	0.17854	-0.18593	-0.18593	-0.18593	
1072	0.1787	-0.18395	-0.18395	-0.18395	
1073	0.17887	-0.18413	-0.18413	-0.18413	
1074	0.17904	-0.18643	-0.18643	-0.18643	
1075	0.1792	-0.19043	-0.19043	-0.19043	
1076	0.17937	-0.19544	-0.19544	-0.19544	
1077	0.17954	-0.20062	-0.20062	-0.20062	
1078	0.1797	-0.20514	-0.20514	-0.20514	
1079	0.17987	-0.20829	-0.20829	-0.20829	
1080	0.18004	-0.20963	-0.20963	-0.20963	
1081	0.1802	-0.20904	-0.20904	-0.20904	
1082	0.18037	-0.20675	-0.20675	-0.20675	
1083	0.18054	-0.20328	-0.20328	-0.20328	
1084	0.1807	-0.19933	-0.19933	-0.19933	
1085	0.18087	-0.19567	-0.19567	-0.19567	
1086	0.18104	-0.19301	-0.19301	-0.19301	
1087	0.1812	-0.19184	-0.19184	-0.19184	
1088	0.18137	-0.19239	-0.19239	-0.19239	
1089	0.18154	-0.19453	-0.19453	-0.19453	
1090	0.1817	-0.19787	-0.19787	-0.19787	
1091	0.18187	-0.20178	-0.20178	-0.20178	
1092	0.18204	-0.20553	-0.20553	-0.20553	
1093	0.1822	-0.2084	-0.2084	-0.2084	
1094	0.18237	-0.20985	-0.20985	-0.20985	
1095	0.18254	-0.20959	-0.20959	-0.20959	
1096	0.1827	-0.20763	-0.20763	-0.20763	
1097	0.18287	-0.2043	-0.2043	-0.2043	
1098	0.18304	-0.20021	-0.20021	-0.20021	
1099	0.1832	-0.1961	-0.1961	-0.1961	
1100	0.18337	-0.19273	-0.19273	-0.19273	
1101	0.18354	-0.19076	-0.19076	-0.19076	
1102	0.1837	-0.19061	-0.19061	-0.19061	
1103	0.18387	-0.19236	-0.19236	-0.19236	
1104	0.18404	-0.19579	-0.19579	-0.19579	
1105	0.1842	-0.20033	-0.20033	-0.20033	
1106	0.18437	-0.20522	-0.20522	-0.20522	
1107	0.18454	-0.20958	-0.20958	-0.20958	
1108	0.1847	-0.2126	-0.2126	-0.2126	
1109	0.18487	-0.21369	-0.21369	-0.21369	
1110	0.18504	-0.21253	-0.21253	-0.21253	
1111	0.1852	-0.20919	-0.20919	-0.20919	
1112	0.18537	-0.20411	-0.20411	-0.20411	
1113	0.18554	-0.19803	-0.19803	-0.19803	
1114	0.1857	-0.19188	-0.19188	-0.19188	
1115	0.18587	-0.18664	-0.18664	-0.18664	
1116	0.18604	-0.18314	-0.18314	-0.18314	
1117	0.1862	-0.18198	-0.18198	-0.18198	
1118	0.18637	-0.18337	-0.18337	-0.18337	
1119	0.18654	-0.18712	-0.18712	-0.18712	
1120	0.1867	-0.19265	-0.19265	-0.19265	
1121	0.18687	-0.19907	-0.19907	-0.19907	
1122	0.18704	-0.20533	-0.20533	-0.20533	
1123	0.1872	-0.21039	-0.21039	-0.21039	
1124	0.18737	-0.21337	-0.21337	-0.21337	
1125	0.18754	-0.21371	-0.21371	-0.21371	
1126	0.1877	-0.21124	-0.21124	-0.21124	
1127	0.18787	-0.20624	-0.20624	-0.20624	
1128	0.18804	-0.19939	-0.19939	-0.19939	
1129	0.1882	-0.19165	-0.19165	-0.19165	
1130	0.18837	-0.18414	-0.18414	-0.18414	
1131	0.18854	-0.17792	-0.17792	-0.17792	
1132	0.1887	-0.17389	-0.17389	-0.17389	
1133	0.18887	-0.17259	-0.17259	-0.17259	
1134	0.18904	-0.17412	-0.17412	-0.17412	
1135	0.1892	-0.17818	-0.17818	-0.17818	
1136	0.18937	-0.18406	-0.18406	-0.18406	
1137	0.18954	-0.19076	-0.19076	-0.19076	
1138	0.1897	-0.19718	-0.19718	-0.19718	
1139	0.18987	-0.20228	-0.20228	-0.20228	
1140	0.19004	-0.20521	-0.20521	-0.20521	
1141	0.1902	-0.20547	-0.20547	-0.20547	
1142	0.19037	-0.20297	-0.20297	-0.20297	
1143	0.19054	-0.19806	-0.19806	-0.19806	
1144	0.1907	-0.19142	-0.19142	-0.19142	
1145	0.19087	-0.18398	-0.18398	-0.18398	
1146	0.19104	-0.17679	-0.17679	-0.17679	
1147	0.1912	-0.1708	-0.1708	-0.1708	
1148	0.19137	-0.16676	-0.16676	-0.16676	
1149	0.19154	-0.1651	-0.1651	-0.1651	
1150	0.1917	-0.16586	-0.16586	-0.16586	
1151	0.19187	-0.16871	-0.16871	-0.16871	
1152	0.19204	-0.17301	-0.17301	-0.17301	
1153	0.19221	-0.17793	-0.17793	-0.17793	
1154	0.19237	-0.18257	-0.18257	-0.18257	
1155	0.19254	-0.18613	-0.18613	-0.18613	
1156	0.19271	-0.18801	-0.18801	-0.18801	
1157	0.19287	-0.18789	-0.18789	-0.18789	
1158	0.19304	-0.18581	-0.18581	-0.18581	
1159	0.19321	-0.18209	-0.18209	-0.18209	
1160	0.19337	-0.17729	-0.17729	-0.17729	
1161	0.19354	-0.17212	-0.17212	-0.17212	
1162	0.19371	-0.16726	-0.16726	-0.16726	
1163	0.19387	-0.16332	-0.16332	-0.16332	
1164	0.19404	-0.1607	-0.1607	-0.1607	
1165	0.19421	-0.15952	-0.15952	-0.15952	
1166	0.19437	-0.15967	-0.15967	-0.15967	
1167	0.19454	-0.16081	-0.16081	-0.16081	
1168	0.19471	-0.16245	-0.16245	-0.16245	
1169	0.19487	-0.16405	-0.16405	-0.16405	
1170	0.19504	-0.16513	-0.16513	-0.16513	
1171	0.19521	-0.16536	-0.16536	-0.16536	
1172	0.19537	-0.1646	-0.1646	-0.1646	
1173	0.19554	-0.16291	-0.16291	-0.16291	
1174	0.19571	-0.16055	-0.16055	-0.16055	
1175	0.19587	-0.15792	-0.15792	-0.15792	
1176	0.19604	-0.15543	-0.15543	-0.15543	
1177	0.19621	-0.15348	-0.15348	-0.15348	
1178	0.19637	-0.15231	-0.15231	-0.15231	
1179	0.19654	-0.15197	-0.15197	-0.15197	
1180	0.19671	-0.15233	-0.15233	-0.15233	
1181	0.19687	-0.15307	-0.15307	-0.15307	
1182	0.19704	-0.15376	-0.15376	-0.15376	
1183	0.19721	-0.15392	-0.15392	-0.15392	
1184	0.19737	-0.15317	-0.15317	-0.15317	
1185	0.19754	-0.15124	-0.15124	-0.15124	
1186	0.19771	-0.14812	-0.14812	-0.14812	
1187	0.19787	-0.14402	-0.14402	-0.14402	
1188	0.19804	-0.13936	-0.13936	-0.13936	
1189	0.19821	-0.13474	-0.13474	-0.13474	
1190	0.19837	-0.13079	-0.13079	-0.13079	
1191	0.19854	-0.12809	-0.12809	-0.12809	
1192	0.19871	-0.12705	-0.12705	-0.12705	
1193	0.19887	-0.12782	-0.12782	-0.12782	
1194	0.19904	-0.13025	-0.13025	-0.13025	
1195	0.19921	-0.13387	-0.13387	-0.13387	
1196	0.19937	-0.13799	-0.13799	-0.13799	
1197	0.19954	-0.14176	-0.14176	-0.14176	
1198	0.19971	-0.14431	-0.14431	-0.14431	
1199	0.19987	-0.14494	-0.14494	-0.14494	
1200	0.20004	-0.14319	-0.14319	-0.14319	
1201	0.20021	-0.13895	-0.13895	-0.13895	
1202	0.20037	-0.13251	-0.13251	-0.13251	
1203	0.20054	-0.12453	-0.12453	-0.12453	
1204	0.20071	-0.11595	-0.11595	-0.11595	
1205	0.20087	-0.10785	-0.10785	-0.10785	
1206	0.20104	-0.10129	-0.10129	-0.10129	
1207	0.20121	-9.7138e-002	-9.7138e-002	-9.7138e-002	
1208	0.20137	-9.5937e-002	-9.5937e-002	-9.5937e-002	
1209	0.20154	-9.7783e-002	-9.7783e-002	-9.7783e-002	
1210	0.20171	-0.10231	-0.10231	-0.10231	
1211	0.20187	-0.10873	-0.10873	-0.10873	
1212	0.20204	-0.11593	-0.11593	-0.11593	
1213	0.20221	-0.12265	-0.12265	-0.12265	
1214	0.20237	-0.12764	-0.12764	-0.12764	
1215	0.20254	-0.12989	-0.12989	-0.12989	
1216	0.20271	-0.12878	-0.12878	-0.12878	
1217	0.20287	-0.12417	-0.12417	-0.12417	
1218	0.20304	-0.11644	-0.11644	-0.11644	
1219	0.20321	-0.10644	-0.10644	-0.10644	
1220	0.20337	-9.5376e-002	-9.5376e-002	-9.5376e-002	
1221	0.20354	-8.4647e-002	-8.4647e-002	-8.4647e-002	
1222	0.20371	-7.5606e-002	-7.5606e-002	-7.5606e-002	
1223	0.20387	-6.9381e-002	-6.9381e-002	-6.9381e-002	
1224	0.20404	-6.6691e-002	-6.6691e-002	-6.6691e-002	
1225	0.20421	-6.7742e-002	-6.7742e-002	-6.7742e-002	
1226	0.20437	-7.2188e-002	-7.2188e-002	-7.2188e-002	
1227	0.20454	-7.9178e-002	-7.9178e-002	-7.9178e-002	
1228	0.20471	-8.7482e-002	-8.7482e-002	-8.7482e-002	
1229	0.20487	-9.5674e-002	-9.5674e-002	-9.5674e-002	
1230	0.20504	-0.10234	-0.10234	-0.10234	
1231	0.20521	-0.10628	-0.10628	-0.10628	
1232	0.20537	-0.10672	-0.10672	-0.10672	
1233	0.20554	-0.10337	-0.10337	-0.10337	
1234	0.20571	-9.6506e-002	-9.6506e-002	-9.6506e-002	
1235	0.20587	-8.6919e-002	-8.6919e-002	-8.6919e-002	
1236	0.20604	-7.5782e-002	-7.5782e-002	-7.5782e-002	
1237	0.20621	-6.4482e-002	-6.4482e-002	-6.4482e-002	
1238	0.20637	-5.4412e-002	-5.4412e-002	-5.4412e-002	
1239	0.20654	-4.6767e-002	-4.6767e-002	-4.6767e-002	
1240	0.20671	-4.2371e-002	-4.2371e-002	-4.2371e-002	
1241	0.20687	-4.156e-002	-4.156e-002	-4.156e-002	
1242	0.20704	-4.4145e-002	-4.4145e-002	-4.4145e-002	
1243	0.20721	-4.945e-002	-4.945e-002	-4.945e-002	
1244	0.20737	-5.642e-002	-5.642e-002	-5.642e-002	
1245	0.20754	-6.3782e-002	-6.3782e-002	-6.3782e-002	
1246	0.20771	-7.0243e-002	-7.0243e-002	-7.0243e-002	
1247	0.20787	-7.4673e-002	-7.4673e-002	-7.4673e-002	
1248	0.20804	-7.6271e-002	-7.6271e-002	-7.6271e-002	
1249	0.20821	-7.4668e-002	-7.4668e-002	-7.4668e-002	
1250	0.20837	-6.9968e-002	-6.9968e-002	-6.9968e-002	
1251	0.20854	-6.2719e-002	-6.2719e-002	-6.2719e-002	
1252	0.20871	-5.3811e-002	-5.3811e-002	-5.3811e-002	
1253	0.20888	-4.4341e-002	-4.4341e-002	-4.4341e-002	
1254	0.20904	-3.5434e-002	-3.5434e-002	-3.5434e-002	
1255	0.20921	-2.8088e-002	-2.8088e-002	-2.8088e-002	
1256	0.20938	-2.3025e-002	-2.3025e-002	-2.3025e-002	
1257	0.20954	-2.0603e-002	-2.0603e-002	-2.0603e-002	
1258	0.20971	-2.0779e-002	-2.0779e-002	-2.0779e-002	
1259	0.20988	-2.3139e-002	-2.3139e-002	-2.3139e-002	
1260	0.21004	-2.6977e-002	-2.6977e-002	-2.6977e-002	
1261	0.21021	-3.1417e-002	-3.1417e-002	-3.1417e-002	
1262	0.21038	-3.5552e-002	-3.5552e-002	-3.5552e-002	
1263	0.21054	-3.8579e-002	-3.8579e-002	-3.8579e-002	
1264	0.21071	-3.9913e-002	-3.9913e-002	-3.9913e-002	
1265	0.21088	-3.9256e-002	-3.9256e-002	-3.9256e-002	
1266	0.21104	-3.6624e-002	-3.6624e-002	-3.6624e-002	
1267	0.21121	-3.2318e-002	-3.2318e-002	-3.2318e-002	
1268	0.21138	-2.6856e-002	-2.6856e-002	-2.6856e-002	
1269	0.21154	-2.0882e-002	-2.0882e-002	-2.0882e-002	
1270	0.21171	-1.5048e-002	-1.5048e-002	-1.5048e-002	
1271	0.21188	-9.9245e-003	-9.9245e-003	-9.9245e-003	
1272	0.21204	-5.9113e-003	-5.9113e-003	-5.9113e-003	
1273	0.21221	-3.1981e-003	-3.1981e-003	-3.1981e-003	
1274	0.21238	-1.755e-003	-1.755e-003	-1.755e-003	
1275	0.21254	-1.3614e-003	-1.3614e-003	-1.3614e-003	
1276	0.21271	-1.664e-003	-1.664e-003	-1.664e-003	
1277	0.21288	-2.2502e-003	-2.2502e-003	-2.2502e-003	
1278	0.21304	-2.7254e-003	-2.7254e-003	-2.7254e-003	
1279	0.21321	-2.7779e-003	-2.7779e-003	-2.7779e-003	
1280	0.21338	-2.2227e-003	-2.2227e-003	-2.2227e-003	
1281	0.21354	-1.0179e-003	-1.0179e-003	-1.0179e-003	
1282	0.21371	7.4838e-004	7.4838e-004	7.4838e-004	
1283	0.21388	2.8941e-003	2.8941e-003	2.8941e-003	
1284	0.21404	5.1945e-003	5.1945e-003	5.1945e-003	
1285	0.21421	7.4378e-003	7.4378e-003	7.4378e-003	
1286	0.21438	9.4734e-003	9.4734e-003	9.4734e-003	
1287	0.21454	1.1243e-002	1.1243e-002	1.1243e-002	
1288	0.21471	1.2788e-002	1.2788e-002	1.2788e-002	
1289	0.21488	1.424e-002	1.424e-002	1.424e-002	
1290	0.21504	1.5778e-002	1.5778e-002	1.5778e-002	
1291	0.21521	1.7588e-002	1.7588e-002	1.7588e-002	
1292	0.21538	1.9811e-002	1.9811e-002	1.9811e-002	
1293	0.21554	2.2502e-002	2.2502e-002	2.2502e-002	
1294	0.21571	2.5601e-002	2.5601e-002	2.5601e-002	
1295	0.21588	2.8941e-002	2.8941e-002	2.8941e-002	
1296	0.21604	3.2261e-002	3.2261e-002	3.2261e-002	
1297	0.21621	3.5254e-002	3.5254e-002	3.5254e-002	
1298	0.21638	3.7625e-002	3.7625e-002	3.7625e-002	
1299	0.21654	3.9146e-002	3.9146e-002	3.9146e-002	
1300	0.21671	3.9715e-002	3.9715e-002	3.9715e-002	
1301	0.21688	3.9382e-002	3.9382e-002	3.9382e-002	
1302	0.21704	3.8359e-002	3.8359e-002	3.8359e-002	
1303	0.21721	3.7e-002	3.7e-002	3.7e-002	
1304	0.21738	3.5748e-002	3.5748e-002	3.5748e-002	
1305	0.21754	3.5074e-002	3.5074e-002	3.5074e-002	
1306	0.21771	3.5393e-002	3.5393e-002	3.5393e-002	
1307	0.21788	3.6996e-002	3.6996e-002	3.6996e-002	
1308	0.21804	3.9992e-002	3.9992e-002	3.9992e-002	
1309	0.21821	4.4278e-002	4.4278e-002	4.4278e-002	
1310	0.21838	4.9547e-002	4.9547e-002	4.9547e-002	
1311	0.21854	5.5318e-002	5.5318e-002	5.5318e-002	
1312	0.21871	6.1011e-002	6.1011e-002	6.1011e-002	
1313	0.21888	6.6028e-002	6.6028e-002	6.6028e-002	
1314	0.21904	6.9844e-002	6.9844e-002	6.9844e-002	
1315	0.21921	7.2095e-002	7.2095e-002	7.2095e-002	
1316	0.21938	7.2636e-002	7.2636e-002	7.2636e-002	
1317	0.21954	7.1571e-002	7.1571e-002	7.1571e-002	
1318	0.21971	6.9245e-002	6.9245e-002	6.9245e-002	
1319	0.21988	6.6197e-002	6.6197e-002	6.6197e-002	
1320	0.22004	6.3084e-002	6.3084e-002	6.3084e-002	
1321	0.22021	6.0587e-002	6.0587e-002	6.0587e-002	
1322	0.22038	5.9306e-002	5.9306e-002	5.9306e-002	
1323	0.22054	5.9673e-002	5.9673e-002	5.9673e-002	
1324	0.22071	6.1885e-002	6.1885e-002	6.1885e-002	
1325	0.22088	6.5872e-002	6.5872e-002	6.5872e-002	
1326	0.22104	7.1308e-002	7.1308e-002	7.1308e-002	
1327	0.22121	7.7654e-002	7.7654e-002	7.7654e-002	
1328	0.22138	8.4242e-002	8.4242e-002	8.4242e-002	
1329	0.22154	9.0366e-002	9.0366e-002	9.0366e-002	
1330	0.22171	9.5389e-002	9.5389e-002	9.5389e-002	
1331	0.22188	9.8835e-002	9.8835e-002	9.8835e-002	
1332	0.22204	0.10045	0.10045	0.10045	
1333	0.22221	0.10026	0.10026	0.10026	
1334	0.22238	9.851e-002	9.851e-002	9.851e-002	
1335	0.22254	9.5693e-002	9.5693e-002	9.5693e-002	
1336	0.22271	9.2427e-002	9.2427e-002	9.2427e-002	
1337	0.22288	8.9383e-002	8.9383e-002	8.9383e-002	
1338	0.22304	8.7183e-002	8.7183e-002	8.7183e-002	
1339	0.22321	8.6315e-002	8.6315e-002	8.6315e-002	
1340	0.22338	8.707e-002	8.707e-002	8.707e-002	
1341	0.22354	8.95e-002	8.95e-002	8.95e-002	
1342	0.22371	9.3428e-002	9.3428e-002	9.3428e-002	
1343	0.22388	9.8472e-002	9.8472e-002	9.8472e-002	
1344	0.22404	0.10411	0.10411	0.10411	
1345	0.22421	0.10977	0.10977	0.10977	
1346	0.22438	0.11488	0.11488	0.11488	
1347	0.22454	0.11899	0.11899	0.11899	
1348	0.22471	0.12178	0.12178	0.12178	
1349	0.22488	0.12315	0.12315	0.12315	
1350	0.22504	0.12317	0.12317	0.12317	
1351	0.22521	0.1221	0.1221	0.1221	
1352	0.22538	0.12032	0.12032	0.12032	
1353	0.22555	0.11827	0.11827	0.11827	
1354	0.22571	0.11642	0.11642	0.11642	
1355	0.22588	0.11515	0.11515	0.11515	
1356	0.22605	0.11475	0.11475	0.11475	
1357	0.22621	0.11539	0.11539	0.11539	
1358	0.22638	0.11708	0.11708	0.11708	
1359	0.22655	0.1197	0.1197	0.1197	
1360	0.22671	0.12303	0.12303	0.12303	
1361	0.22688	0.12678	0.12678	0.12678	
1362	0.22705	0.13065	0.13065	0.13065	
1363	0.22721	0.13434	0.13434	0.13434	
1364	0.22738	0.13759	0.13759	0.13759	
1365	0.22755	0.14024	0.14024	0.14024	
1366	0.22771	0.14219	0.14219	0.14219	
1367	0.22788	0.14341	0.14341	0.14341	
1368	0.22805	0.14397	0.14397	0.14397	
1369	0.22821	0.14397	0.14397	0.14397	
1370	0.22838	0.14357	0.14357	0.14357	
1371	0.22855	0.14293	0.14293	0.14293	
1372	0.22871	0.14223	0.14223	0.14223	
1373	0.22888	0.14165	0.14165	0.14165	
1374	0.22905	0.14135	0.14135	0.14135	
1375	0.22921	0.14146	0.14146	0.14146	
1376	0.22938	0.14209	0.14209	0.14209	
1377	0.22955	0.14329	0.14329	0.14329	
1378	0.22971	0.14508	0.14508	0.14508	
1379	0.22988	0.14742	0.14742	0.14742	
1380	0.23005	0.15022	0.15022	0.15022	
1381	0.23021	0.15334	0.15334	0.15334	
1382	0.23038	0.15656	0.15656	0.15656	
1383	0.23055	0.15966	0.15966	0.15966	
1384	0.23071	0.16241	0.16241	0.16241	
1385	0.23088	0.16458	0.16458	0.16458	
1386	0.23105	0.166	0.166	0.166	
1387	0.23121	0.16657	0.16657	0.16657	
1388	0.23138	0.16631	0.16631	0.16631	
1389	0.23155	0.16532	0.16532	0.16532	
1390	0.23171	0.16383	0.16383	0.16383	
1391	0.23188	0.16212	0.16212	0.16212	
1392	0.23205	0.16056	0.16056	0.16056	
1393	0.23221	0.15949	0.15949	0.15949	
1394	0.23238	0.15922	0.15922	0.15922	
1395	0.23255	0.15996	0.15996	0.15996	
1396	0.23271	0.16178	0.16178	0.16178	
1397	0.23288	0.16462	0.16462	0.16462	
1398	0.23305	0.16825	0.16825	0.16825	
1399	0.23321	0.17232	0.17232	0.17232	
1400	0.23338	0.1764	0.1764	0.1764	
1401	0.23355	0.18004	0.18004	0.18004	
1402	0.23371	0.18283	0.18283	0.18283	
1403	0.23388	0.18447	0.18447	0.18447	
1404	0.23405	0.18481	0.18481	0.18481	
1405	0.23421	0.18389	0.18389	0.18389	
1406	0.23438	0.18193	0.18193	0.18193	
1407	0.23455	0.17932	0.17932	0.17932	
1408	0.23471	0.17653	0.17653	0.17653	
1409	0.23488	0.17409	0.17409	0.17409	
1410	0.23505	0.17247	0.17247	0.17247	
1411	0.23521	0.17205	0.17205	0.17205	
1412	0.23538	0.173	0.173	0.173	
1413	0.23555	0.17531	0.17531	0.17531	
1414	0.23571	0.17877	0.17877	0.17877	
1415	0.23588	0.18296	0.18296	0.18296	
1416	0.23605	0.18738	0.18738	0.18738	
1417	0.23621	0.19147	0.19147	0.19147	
1418	0.23638	0.1947	0.1947	0.1947	
1419	0.23655	0.19669	0.19669	0.19669	
1420	0.23671	0.19723	0.19723	0.19723	
1421	0.23688	0.19633	0.19633	0.19633	
1422	0.23705	0.19422	0.19422	0.19422	
1423	0.23721	0.19132	0.19132	0.19132	
1424	0.23738	0.18815	0.18815	0.18815	
1425	0.23755	0.1853	0.1853	0.1853	
1426	0.23771	0.18328	0.18328	0.18328	
1427	0.23788	0.18249	0.18249	0.18249	
1428	0.23805	0.18312	0.18312	0.18312	
1429	0.23821	0.18514	0.18514	0.18514	
1430	0.23838	0.18831	0.18831	0.18831	
1431	0.23855	0.19221	0.19221	0.19221	
1432	0.23871	0.19628	0.19628	0.19628	
1433	0.23888	0.19997	0.19997	0.19997	
1434	0.23905	0.20275	0.20275	0.20275	
1435	0.23921	0.20428	0.20428	0.20428	
1436	0.23938	0.20438	0.20438	0.20438	
1437	0.23955	0.20312	0.20312	0.20312	
1438	0.23971	0.20077	0.20077	0.20077	
1439	0.23988	0.19777	0.19777	0.19777	
1440	0.24005	0.19466	0.19466	0.19466	
1441	0.24021	0.19201	0.19201	0.19201	
1442	0.24038	0.19027	0.19027	0.19027	
1443	0.24055	0.18978	0.18978	0.18978	
1444	0.24071	0.19065	0.19065	0.19065	
1445	0.24088	0.19277	0.19277	0.19277	
1446	0.24105	0.19583	0.19583	0.19583	
1447	0.24121	0.19936	0.19936	0.19936	
1448	0.24138	0.20284	0.20284	0.20284	
1449	0.24155	0.20573	0.20573	0.20573	
1450	0.24171	0.20759	0.20759	0.20759	
1451	0.24188	0.20817	0.20817	0.20817	
1452	0.24205	0.2074	0.2074	0.2074	
1453	0.24222	0.20545	0.20545	0.20545	
1454	0.24238	0.20267	0.20267	0.20267	
1455	0.24255	0.19953	0.19953	0.19953	
1456	0.24272	0.19658	0.19658	0.19658	
1457	0.24288	0.19431	0.19431	0.19431	
1458	0.24305	0.1931	0.1931	0.1931	
1459	0.24322	0.19315	0.19315	0.19315	
1460	0.24338	0.19447	0.19447	0.19447	
1461	0.24355	0.19684	0.19684	0.19684	
1462	0.24372	0.19987	0.19987	0.19987	
1463	0.24388	0.20308	0.20308	0.20308	
1464	0.24405	0.20592	0.20592	0.20592	
1465	0.24422	0.20796	0.20796	0.20796	
1466	0.24438	0.20884	0.20884	0.20884	
1467	0.24455	0.20843	0.20843	0.20843	
1468	0.24472	0.20679	0.20679	0.20679	
1469	0.24488	0.20418	0.20418	0.20418	
1470	0.24505	0.20102	0.20102	0.20102	
1471	0.24522	0.1978	0.1978	0.1978	
1472	0.24538	0.19503	0.19503	0.19503	
1473	0.24555	0.19312	0.19312	0.19312	
1474	0.24572	0.19237	0.19237	0.19237	
1475	0.24588	0.19284	0.19284	0.19284	
1476	0.24605	0.19442	0.19442	0.19442	
1477	0.24622	0.19682	0.19682	0.19682	
1478	0.24638	0.19961	0.19961	0.19961	
1479	0.24655	0.20229	0.20229	0.20229	
1480	0.24672	0.2044	0.2044	0.2044	
1481	0.24688	0.20557	0.20557	0.20557	
1482	0.24705	0.20558	0.20558	0.20558	
1483	0.24722	0.20441	0.20441	0.20441	
1484	0.24738	0.20221	0.20221	0.20221	
1485	0.24755	0.19932	0.19932	0.19932	
1486	0.24772	0.19615	0.19615	0.19615	
1487	0.24788	0.19317	0.19317	0.19317	
1488	0.24805	0.19081	0.19081	0.19081	
1489	0.24822	0.18936	0.18936	0.18936	
1490	0.24838	0.18898	0.18898	0.18898	
1491	0.24855	0.18963	0.18963	0.18963	
1492	0.24872	0.19112	0.19112	0.19112	
1493	0.24888	0.19311	0.19311	0.19311	
1494	0.24905	0.19518	0.19518	0.19518	
1495	0.24922	0.19692	0.19692	0.19692	
1496	0.24938	0.19797	0.19797	0.19797	
1497	0.24955	0.1981	0.1981	0.1981	
1498	0.24972	0.19724	0.19724	0.19724	
1499	0.24988	0.19548	0.19548	0.19548	
1500	0.25005	0.19306	0.19306	0.19306	
1501	0.25022	0.19032	0.19032	0.19032	
1502	0.25038	0.18764	0.18764	0.18764	
1503	0.25055	0.18539	0.18539	0.18539	
1504	0.25072	0.18384	0.18384	0.18384	
1505	0.25088	0.18313	0.18313	0.18313	
1506	0.25105	0.18325	0.18325	0.18325	
1507	0.25122	0.18404	0.18404	0.18404	
1508	0.25138	0.18522	0.18522	0.18522	
1509	0.25155	0.18646	0.18646	0.18646	
1510	0.25172	0.1874	0.1874	0.1874	
1511	0.25188	0.18776	0.18776	0.18776	
1512	0.25205	0.18735	0.18735	0.18735	
1513	0.25222	0.18613	0.18613	0.18613	
1514	0.25238	0.1842	0.1842	0.1842	
1515	0.25255	0.1818	0.1818	0.1818	
1516	0.25272	0.17923	0.17923	0.17923	
1517	0.25288	0.17684	0.17684	0.17684	
1518	0.25305	0.17494	0.17494	0.17494	
1519	0.25322	0.17375	0.17375	0.17375	
1520	0.25338	0.17335	0.17335	0.17335	
1521	0.25355	0.1737	0.1737	0.1737	
1522	0.25372	0.17457	0.17457	0.17457	
1523	0.25388	0.17568	0.17568	0.17568	
1524	0.25405	0.17666	0.17666	0.17666	
1525	0.25422	0.17717	0.17717	0.17717	
1526	0.25438	0.17693	0.17693	0.17693	
1527	0.25455	0.17579	0.17579	0.17579	
1528	0.25472	0.17375	0.17375	0.17375	
1529	0.25488	0.17099	0.17099	0.17099	
1530	0.25505	0.16778	0.16778	0.16778	
1531	0.25522	0.16452	0.16452	0.16452	
1532	0.25538	0.16161	0.16161	0.16161	
1533	0.25555	0.1594	0.1594	0.1594	
1534	0.25572	0.15814	0.15814	0.15814	
1535	0.25588	0.15792	0.15792	0.15792	
1536	0.25605	0.15865	0.15865	0.15865	
1537	0.25622	0.16009	0.16009	0.16009	
1538	0.25638	0.16185	0.16185	0.16185	
1539	0.25655	0.16349	0.16349	0.16349	
1540	0.25672	0.16455	0.16455	0.16455	
1541	0.25688	0.16467	0.16467	0.16467	
1542	0.25705	0.16362	0.16362	0.16362	
1543	0.25722	0.16136	0.16136	0.16136	
1544	0.25738	0.15802	0.15802	0.15802	
1545	0.25755	0.15394	0.15394	0.15394	
1546	0.25772	0.14955	0.14955	0.14955	
1547	0.25788	0.14538	0.14538	0.14538	
1548	0.25805	0.14189	0.14189	0.14189	
1549	0.25822	0.13947	0.13947	0.13947	
1550	0.25838	0.13835	0.13835	0.13835	
1551	0.25855	0.13855	0.13855	0.13855	
1552	0.25872	0.13987	0.13987	0.13987	
1553	0.25889	0.14195	0.14195	0.14195	
1554	0.25905	0.1443	0.1443	0.1443	
1555	0.25922	0.14638	0.14638	0.14638	
1556	0.25939	0.14768	0.14768	0.14768	
1557	0.25955	0.14782	0.14782	0.14782	
1558	0.25972	0.14656	0.14656	0.14656	
1559	0.25989	0.14391	0.14391	0.14391	
1560	0.26005	0.14006	0.14006	0.14006	
1561	0.26022	0.1354	0.1354	0.1354	
1562	0.26039	0.13043	0.13043	0.13043	
1563	0.26055	0.12569	0.12569	0.12569	
1564	0.26072	0.1217	0.1217	0.1217	
1565	0.26089	0.11885	0.11885	0.11885	
1566	0.26105	0.11734	0.11734	0.11734	
1567	0.26122	0.1172	0.1172	0.1172	
1568	0.26139	0.11823	0.11823	0.11823	
1569	0.26155	0.12007	0.12007	0.12007	
1570	0.26172	0.12223	0.12223	0.12223	
1571	0.26189	0.1242	0.1242	0.1242	
1572	0.26205	0.12549	0.12549	0.12549	
1573	0.26222	0.12573	0.12573	0.12573	
1574	0.26239	0.12471	0.12471	0.12471	
1575	0.26255	0.12241	0.12241	0.12241	
1576	0.26272	0.119	0.119	0.119	
1577	0.26289	0.1148	0.1148	0.1148	
1578	0.26305	0.11023	0.11023	0.11023	
1579	0.26322	0.10575	0.10575	0.10575	
1580	0.26339	0.10179	0.10179	0.10179	
1581	0.26355	9.8677e-002	9.8677e-002	9.8677e-002	
1582	0.26372	9.6602e-002	9.6602e-002	9.6602e-002	
1583	0.26389	9.5594e-002	9.5594e-002	9.5594e-002	
1584	0.26405	9.5527e-002	9.5527e-002	9.5527e-002	
1585	0.26422	9.6144e-002	9.6144e-002	9.6144e-002	
1586	0.26439	9.7108e-002	9.7108e-002	9.7108e-002	
1587	0.26455	9.8054e-002	9.8054e-002	9.8054e-002	
1588	0.26472	9.8643e-002	9.8643e-002	9.8643e-002	
1589	0.26489	9.8615e-002	9.8615e-002	9.8615e-002	
1590	0.26505	9.7819e-002	9.7819e-002	9.7819e-002	
1591	0.26522	9.6223e-002	9.6223e-002	9.6223e-002	
1592	0.26539	9.3914e-002	9.3914e-002	9.3914e-002	
1593	0.26555	9.1068e-002	9.1068e-002	9.1068e-002	
1594	0.26572	8.7915e-002	8.7915e-002	8.7915e-002	
1595	0.26589	8.47e-002	8.47e-002	8.47e-002	
1596	0.26605	8.1645e-002	8.1645e-002	8.1645e-002	
1597	0.26622	7.8912e-002	7.8912e-002	7.8912e-002	
1598	0.26639	7.6594e-002	7.6594e-002	7.6594e-002	
1599	0.26655	7.4709e-002	7.4709e-002	7.4709e-002	
1600	0.26672	7.3208e-002	7.3208e-002	7.3208e-002	
1601	0.26689	7.1998e-002	7.1998e-002	7.1998e-002	
1602	0.26705	7.0968e-002	7.0968e-002	7.0968e-002	
1603	0.26722	7.0013e-002	7.0013e-002	7.0013e-002	
1604	0.26739	6.9054e-002	6.9054e-002	6.9054e-002	
1605	0.26755	6.8045e-002	6.8045e-002	6.8045e-002	
1606	0.26772	6.6978e-002	6.6978e-002	6.6978e-002	
1607	0.26789	6.5867e-002	6.5867e-002	6.5867e-002	
1608	0.26805	6.4738e-002	6.4738e-002	6.4738e-002	
1609	0.26822	6.3604e-002	6.3604e-002	6.3604e-002	
1610	0.26839	6.2456e-002	6.2456e-002	6.2456e-002	
1611	0.26855	6.1253e-002	6.1253e-002	6.1253e-002	
1612	0.26872	5.9922e-002	5.9922e-002	5.9922e-002	
1613	0.26889	5.8369e-002	5.8369e-002	5.8369e-002	
1614	0.26905	5.6504e-002	5.6504e-002	5.6504e-002	
1615	0.26922	5.426e-002	5.426e-002	5.426e-002	
1616	0.26939	5.1619e-002	5.1619e-002	5.1619e-002	
1617	0.26955	4.863e-002	4.863e-002	4.863e-002	
1618	0.26972	4.5414e-002	4.5414e-002	4.5414e-002	
1619	0.26989	4.2158e-002	4.2158e-002	4.2158e-002	
1620	0.27005	3.9088e-002	3.9088e-002	3.9088e-002	
1621	0.27022	3.6444e-002	3.6444e-002	3.6444e-002	
1622	0.27039	3.4432e-002	3.4432e-002	3.4432e-002	
1623	0.27055	3.3185e-002	3.3185e-002	3.3185e-002	
1624	0.27072	3.2735e-002	3.2735e-002	3.2735e-002	
1625	0.27089	3.299e-002	3.299e-002	3.299e-002	
1626	0.27105	3.3735e-002	3.3735e-002	3.3735e-002	
1627	0.27122	3.4657e-002	3.4657e-002	3.4657e-002	
1628	0.27139	3.5383e-002	3.5383e-002	3.5383e-002	
1629	0.27155	3.5533e-002	3.5533e-002	3.5533e-002	
1630	0.27172	3.4784e-002	3.4784e-002	3.4784e-002	
1631	0.27189	3.2922e-002	3.2922e-002	3.2922e-002	
1632	0.27205	2.9885e-002	2.9885e-002	2.9885e-002	
1633	0.27222	2.5788e-002	2.5788e-002	2.5788e-002	
1634	0.27239	2.0911e-002	2.0911e-002	2.0911e-002	
1635	0.27255	1.5673e-002	1.5673e-002	1.5673e-002	
1636	0.27272	1.0572e-002	1.0572e-002	1.0572e-002	
1637	0.27289	6.1133e-003	6.1133e-003	6.1133e-003	
1638	0.27305	2.7332e-003	2.7332e-003	2.7332e-003	
1639	0.27322	7.2846e-004	7.2846e-004	7.2846e-004	
1640	0.27339	2.0369e-004	2.0369e-004	2.0369e-004	
1641	0.27355	1.0465e-003	1.0465e-003	1.0465e-003	
1642	0.27372	2.9355e-003	2.9355e-003	2.9355e-003	
1643	0.27389	5.3798e-003	5.3798e-003	5.3798e-003	
1644	0.27405	7.788e-003	7.788e-003	7.788e-003	
1645	0.27422	9.5529e-003	9.5529e-003	9.5529e-003	
1646	0.27439	1.0144e-002	1.0144e-002	1.0144e-002	
1647	0.27455	9.1875e-003	9.1875e-003	9.1875e-003	
1648	0.27472	6.5311e-003	6.5311e-003	6.5311e-003	
1649	0.27489	2.269e-003	2.269e-003	2.269e-003	
1650	0.27505	-3.2638e-003	-3.2638e-003	-3.2638e-003	
1651	0.27522	-9.5372e-003	-9.5372e-003	-9.5372e-003	
1652	0.27539	-1.5901e-002	-1.5901e-002	-1.5901e-002	
1653	0.27556	-2.168e-002	-2.168e-002	-2.168e-002	
1654	0.27572	-2.6274e-002	-2.6274e-002	-2.6274e-002	
1655	0.27589	-2.9251e-002	-2.9251e-002	-2.9251e-002	
1656	0.27606	-3.0411e-002	-3.0411e-002	-3.0411e-002	
1657	0.27622	-2.9819e-002	-2.9819e-002	-2.9819e-002	
1658	0.27639	-2.78e-002	-2.78e-002	-2.78e-002	
1659	0.27656	-2.4891e-002	-2.4891e-002	-2.4891e-002	
1660	0.27672	-2.1763e-002	-2.1763e-002	-2.1763e-002	
1661	0.27689	-1.9119e-002	-1.9119e-002	-1.9119e-002	
1662	0.27706	-1.7594e-002	-1.7594e-002	-1.7594e-002	
1663	0.27722	-1.7656e-002	-1.7656e-002	-1.7656e-002	
1664	0.27739	-1.954e-002	-1.954e-002	-1.954e-002	
1665	0.27756	-2.321e-002	-2.321e-002	-2.321e-002	
1666	0.27772	-2.8368e-002	-2.8368e-002	-2.8368e-002	
1667	0.27789	-3.4498e-002	-3.4498e-002	-3.4498e-002	
1668	0.27806	-4.0945e-002	-4.0945e-002	-4.0945e-002	
1669	0.27822	-4.7014e-002	-4.7014e-002	-4.7014e-002	
1670	0.27839	-5.2073e-002	-5.2073e-002	-5.2073e-002	
1671	0.27856	-5.5647e-002	-5.5647e-002	-5.5647e-002	
1672	0.27872	-5.7489e-002	-5.7489e-002	-5.7489e-002	
1673	0.27889	-5.7607e-002	-5.7607e-002	-5.7607e-002	
1674	0.27906	-5.6266e-002	-5.6266e-002	-5.6266e-002	
1675	0.27922	-5.394e-002	-5.394e-002	-5.394e-002	
1676	0.27939	-5.1236e-002	-5.1236e-002	-5.1236e-002	
1677	0.27956	-4.8803e-002	-4.8803e-002	-4.8803e-002	
1678	0.27972	-4.7232e-002	-4.7232e-002	-4.7232e-002	
1679	0.27989	-4.6971e-002	-4.6971e-002	-4.6971e-002	
1680	0.28006	-4.8257e-002	-4.8257e-002	-4.8257e-002	
1681	0.28022	-5.1091e-002	-5.1091e-002	-5.1091e-002	
1682	0.28039	-5.5244e-002	-5.5244e-002	-5.5244e-002	
1683	0.28056	-6.0295e-002	-6.0295e-002	-6.0295e-002	
1684	0.28072	-6.5706e-002	-6.5706e-002	-6.5706e-002	
1685	0.28089	-7.0904e-002	-7.0904e-002	-7.0904e-002	
1686	0.28106	-7.5373e-002	-7.5373e-002	-7.5373e-002	
1687	0.28122	-7.8725e-002	-7.8725e-002	-7.8725e-002	
1688	0.28139	-8.0758e-002	-8.0758e-002	-8.0758e-002	
1689	0.28156	-8.1481e-002	-8.1481e-002	-8.1481e-002	
1690	0.28172	-8.1096e-002	-8.1096e-002	-8.1096e-002	
1691	0.28189	-7.9966e-002	-7.9966e-002	-7.9966e-002	
1692	0.28206	-7.8546e-002	-7.8546e-002	-7.8546e-002	
1693	0.28222	-7.7308e-002	-7.7308e-002	-7.7308e-002	
1694	0.28239	-7.6671e-002	-7.6671e-002	-7.6671e-002	
1695	0.28256	-7.6932e-002	-7.6932e-002	-7.6932e-002	
1696	0.28272	-7.8227e-002	-7.8227e-002	-7.8227e-002	
1697	0.28289	-8.0521e-002	-8.0521e-002	-8.0521e-002	
1698	0.28306	-8.3622e-002	-8.3622e-002	-8.3622e-002	
1699	0.28322	-8.722e-002	-8.722e-002	-8.722e-002	
1700	0.28339	-9.0947e-002	-9.0947e-002	-9.0947e-002	
1701	0.28356	-9.4441e-002	-9.4441e-002	-9.4441e-002	
1702	0.28372	-9.7401e-002	-9.7401e-002	-9.7401e-002	
1703	0.28389	-9.9642e-002	-9.9642e-002	-9.9642e-002	
1704	0.28406	-0.10111	-0.10111	-0.10111	
1705	0.28422	-0.1019	-0.1019	-0.1019	
1706	0.28439	-0.10219	-0.10219	-0.10219	
1707	0.28456	-0.10226	-0.10226	-0.10226	
1708	0.28472	-0.1024	-0.1024	-0.1024	
1709	0.28489	-0.10285	-0.10285	-0.10285	
1710	0.28506	-0.10378	-0.10378	-0.10378	
1711	0.28522	-0.10527	-0.10527	-0.10527	
1712	0.28539	-0.10726	-0.10726	-0.10726	
1713	0.28556	-0.10959	-0.10959	-0.10959	
1714	0.28572	-0.11205	-0.11205	-0.11205	
1715	0.28589	-0.11441	-0.11441	-0.11441	
1716	0.28606	-0.11643	-0.11643	-0.11643	
1717	0.28622	-0.11799	-0.11799	-0.11799	
1718	0.28639	-0.11902	-0.11902	-0.11902	
1719	0.28656	-0.1196	-0.1196	-0.1196	
1720	0.28672	-0.11988	-0.11988	-0.11988	
1721	0.28689	-0.12008	-0.12008	-0.12008	
1722	0.28706	-0.12047	-0.12047	-0.12047	
1723	0.28722	-0.12127	-0.12127	-0.12127	
1724	0.28739	-0.12264	-0.12264	-0.12264	
1725	0.28756	-0.12464	-0.12464	-0.12464	
1726	0.28772	-0.12721	-0.12721	-0.12721	
1727	0.28789	-0.13015	-0.13015	-0.13015	
1728	0.28806	-0.13322	-0.13322	-0.13322	
1729	0.28822	-0.13608	-0.13608	-0.13608	
1730	0.28839	-0.13846	-0.13846	-0.13846	
1731	0.28856	-0.14011	-0.14011	-0.14011	
1732	0.28872	-0.14092	-0.14092	-0.14092	
1733	0.28889	-0.14089	-0.14089	-0.14089	
1734	0.28906	-0.14019	-0.14019	-0.14019	
1735	0.28922	-0.13909	-0.13909	-0.13909	
1736	0.28939	-0.13797	-0.13797	-0.13797	
1737	0.28956	-0.13721	-0.13721	-0.13721	
1738	0.28972	-0.13716	-0.13716	-0.13716	
1739	0.28989	-0.13805	-0.13805	-0.13805	
1740	0.29006	-0.14	-0.14	-0.14	
1741	0.29022	-0.14294	-0.14294	-0.14294	
1742	0.29039	-0.14663	-0.14663	-0.14663	
1743	0.29056	-0.15072	-0.15072	-0.15072	
1744	0.29072	-0.15475	-0.15475	-0.15475	
1745	0.29089	-0.15829	-0.15829	-0.15829	
1746	0.29106	-0.16094	-0.16094	-0.16094	
1747	0.29122	-0.16243	-0.16243	-0.16243	
1748	0.29139	-0.16266	-0.16266	-0.16266	
1749	0.29156	-0.16174	-0.16174	-0.16174	
1750	0.29172	-0.15994	-0.15994	-0.15994	
1751	0.29189	-0.15768	-0.15768	-0.15768	
1752	0.29206	-0.15545	-0.15545	-0.15545	
1753	0.29223	-0.15376	-0.15376	-0.15376	
1754	0.29239	-0.15303	-0.15303	-0.15303	
1755	0.29256	-0.15354	-0.15354	-0.15354	
1756	0.29273	-0.1554	-0.1554	-0.1554	
1757	0.29289	-0.1585	-0.1585	-0.1585	
1758	0.29306	-0.16253	-0.16253	-0.16253	
1759	0.29323	-0.16705	-0.16705	-0.16705	
1760	0.29339	-0.17153	-0.17153	-0.17153	
1761	0.29356	-0.17546	-0.17546	-0.17546	
1762	0.29373	-0.17837	-0.17837	-0.17837	
1763	0.29389	-0.17998	-0.17998	-0.17998	
1764	0.29406	-0.18017	-0.18017	-0.18017	
1765	0.29423	-0.17905	-0.17905	-0.17905	
1766	0.29439	-0.17693	-0.17693	-0.17693	
1767	0.29456	-0.17425	-0.17425	-0.17425	
1768	0.29473	-0.17153	-0.17153	-0.17153	
1769	0.29489	-0.16931	-0.16931	-0.16931	
1770	0.29506	-0.16804	-0.16804	-0.16804	
1771	0.29523	-0.16801	-0.16801	-0.16801	
1772	0.29539	-0.16935	-0.16935	-0.16935	
1773	0.29556	-0.17196	-0.17196	-0.17196	
1774	0.29573	-0.17556	-0.17556	-0.17556	
1775	0.29589	-0.17972	-0.17972	-0.17972	
1776	0.29606	-0.18394	-0.18394	-0.18394	
1777	0.29623	-0.1877	-0.1877	-0.1877	
1778	0.29639	-0.19058	-0.19058	-0.19058	
1779	0.29656	-0.19227	-0.19227	-0.19227	
1780	0.29673	-0.19266	-0.19266	-0.19266	
1781	0.29689	-0.19183	-0.19183	-0.19183	
1782	0.29706	-0.19001	-0.19001	-0.19001	
1783	0.29723	-0.18761	-0.18761	-0.18761	
1784	0.29739	-0.18508	-0.18508	-0.18508	
1785	0.29756	-0.18288	-0.18288	-0.18288	
1786	0.29773	-0.18142	-0.18142	-0.18142	
1787	0.29789	-0.18098	-0.18098	-0.18098	
1788	0.29806	-0.18167	-0.18167	-0.18167	
1789	0.29823	-0.18344	-0.18344	-0.18344	
1790	0.29839	-0.18608	-0.18608	-0.18608	
1791	0.29856	-0.18926	-0.18926	-0.18926	
1792	0.29873	-0.19257	-0.19257	-0.19257	
1793	0.29889	-0.19561	-0.19561	-0.19561	
1794	0.29906	-0.19803	-0.19803	-0.19803	
1795	0.29923	-0.19958	-0.19958	-0.19958	
1796	0.29939	-0.20016	-0.20016	-0.20016	
1797	0.29956	-0.19978	-0.19978	-0.19978	
1798	0.29973	-0.19863	-0.19863	-0.19863	
1799	0.29989	-0.19696	-0.19696	-0.19696	
1800	0.30006	-0.19511	-0.19511	-0.19511	
1801	0.30023	-0.19341	-0.19341	-0.19341	
1802	0.30039	-0.19214	-0.19214	-0.19214	
1803	0.30056	-0.19152	-0.19152	-0.19152	
1804	0.30073	-0.19164	-0.19164	-0.19164	
1805	0.30089	-0.19248	-0.19248	-0.19248	
1806	0.30106	-0.19393	-0.19393	-0.19393	
1807	0.30123	-0.19579	-0.19579	-0.19579	
1808	0.30139	-0.19781	-0.19781	-0.19781	
1809	0.30156	-0.19974	-0.19974	-0.19974	
1810	0.30173	-0.20136	-0.20136	-0.20136	
1811	0.30189	-0.20252	-0.20252	-0.20252	
1812	0.30206	-0.20314	-0.20314	-0.20314	
1813	0.30223	-0.20321	-0.20321	-0.20321	
1814	0.30239	-0.2028	-0.2028	-0.2028	
1815	0.30256	-0.20205	-0.20205	-0.20205	
1816	0.30273	-0.20111	-0.20111	-0.20111	
1817	0.30289	-0.20015	-0.20015	-0.20015	
1818	0.30306	-0.19931	-0.19931	-0.19931	
1819	0.30323	-0.1987	-0.1987	-0.1987	
1820	0.30339	-0.19838	-0.19838	-0.19838	
1821	0.30356	-0.19836	-0.19836	-0.19836	
1822	0.30373	-0.19861	-0.19861	-0.19861	
1823	0.30389	-0.19908	-0.19908	-0.19908	
1824	0.30406	-0.1997	-0.1997	-0.1997	
1825	0.30423	-0.20038	-0.20038	-0.20038	
1826	0.30439	-0.20105	-0.20105	-0.20105	
1827	0.30456	-0.20167	-0.20167	-0.20167	
1828	0.30473	-0.20219	-0.20219	-0.20219	
1829	0.30489	-0.20259	-0.20259	-0.20259	
1830	0.30506	-0.20286	-0.20286	-0.20286	
1831	0.30523	-0.20298	-0.20298	-0.20298	
1832	0.30539	-0.20294	-0.20294	-0.20294	
1833	0.30556	-0.20275	-0.20275	-0.20275	
1834	0.30573	-0.20239	-0.20239	-0.20239	
1835	0.30589	-0.20188	-0.20188	-0.20188	
1836	0.30606	-0.20122	-0.20122	-0.20122	
1837	0.30623	-0.20045	-0.20045	-0.20045	
1838	0.30639	-0.19963	-0.19963	-0.19963	
1839	0.30656	-0.19883	-0.19883	-0.19883	
1840	0.30673	-0.19814	-0.19814	-0.19814	
1841	0.30689	-0.19762	-0.19762	-0.19762	
1842	0.30706	-0.19737	-0.19737	-0.19737	
1843	0.30723	-0.19741	-0.19741	-0.19741	
1844	0.30739	-0.19776	-0.19776	-0.19776	
1845	0.30756	-0.19837	-0.19837	-0.19837	
1846	0.30773	-0.19915	-0.19915	-0.19915	
1847	0.30789	-0.19997	-0.19997	-0.19997	
1848	0.30806	-0.20067	-0.20067	-0.20067	
1849	0.30823	-0.20112	-0.20112	-0.20112	
1850	0.30839	-0.20117	-0.20117	-0.20117	
1851	0.30856	-0.20073	-0.20073	-0.20073	
1852	0.30873	-0.1998	-0.1998	-0.1998	
1853	0.3089	-0.19843	-0.19843	-0.19843	
1854	0.30906	-0.19672	-0.19672	-0.19672	
1855	0.30923	-0.19487	-0.19487	-0.19487	
1856	0.3094	-0.19308	-0.19308	-0.19308	
1857	0.30956	-0.19157	-0.19157	-0.19157	
1858	0.30973	-0.19051	-0.19051	-0.19051	
1859	0.3099	-0.19003	-0.19003	-0.19003	
1860	0.31006	-0.19016	-0.19016	-0.19016	
1861	0.31023	-0.19084	-0.19084	-0.19084	
1862	0.3104	-0.19192	-0.19192	-0.19192	
1863	0.31056	-0.19318	-0.19318	-0.19318	
1864	0.31073	-0.19437	-0.19437	-0.19437	
1865	0.3109	-0.19522	-0.19522	-0.19522	
1866	0.31106	-0.19551	-0.19551	-0.19551	
1867	0.31123	-0.19511	-0.19511	-0.19511	
1868	0.3114	-0.19396	-0.19396	-0.19396	
1869	0.31156	-0.19214	-0.19214	-0.19214	
1870	0.31173	-0.1898	-0.1898	-0.1898	
1871	0.3119	-0.18721	-0.18721	-0.18721	
1872	0.31206	-0.18466	-0.18466	-0.18466	
1873	0.31223	-0.18243	-0.18243	-0.18243	
1874	0.3124	-0.18077	-0.18077	-0.18077	
1875	0.31256	-0.17985	-0.17985	-0.17985	
1876	0.31273	-0.17972	-0.17972	-0.17972	
1877	0.3129	-0.1803	-0.1803	-0.1803	
1878	0.31306	-0.18141	-0.18141	-0.18141	
1879	0.31323	-0.18278	-0.18278	-0.18278	
1880	0.3134	-0.18409	-0.18409	-0.18409	
1881	0.31356	-0.18505	-0.18505	-0.18505	
1882	0.31373	-0.18537	-0.18537	-0.18537	
1883	0.3139	-0.18491	-0.18491	-0.18491	
1884	0.31406	-0.1836	-0.1836	-0.1836	
1885	0.31423	-0.18153	-0.18153	-0.18153	
1886	0.3144	-0.17889	-0.17889	-0.17889	
1887	0.31456	-0.17596	-0.17596	-0.17596	
1888	0.31473	-0.17304	-0.17304	-0.17304	
1889	0.3149	-0.17047	-0.17047	-0.17047	
1890	0.31506	-0.16849	-0.16849	-0.16849	
1891	0.31523	-0.16728	-0.16728	-0.16728	
1892	0.3154	-0.16686	-0.16686	-0.16686	
1893	0.31556	-0.16716	-0.16716	-0.16716	
1894	0.31573	-0.16799	-0.16799	-0.16799	
1895	0.3159	-0.16907	-0.16907	-0.16907	
1896	0.31606	-0.17009	-0.17009	-0.17009	
1897	0.31623	-0.17075	-0.17075	-0.17075	
1898	0.3164	-0.17082	-0.17082	-0.17082	
1899	0.31656	-0.17014	-0.17014	-0.17014	
1900	0.31673	-0.1687	-0.1687	-0.1687	
1901	0.3169	-0.16658	-0.16658	-0.16658	
1902	0.31706	-0.16396	-0.16396	-0.16396	
1903	0.31723	-0.16112	-0.16112	-0.16112	
1904	0.3174	-0.15833	-0.15833	-0.15833	
1905	0.31756	-0.15587	-0.15587	-0.15587	
1906	0.31773	-0.15393	-0.15393	-0.15393	
1907	0.3179	-0.15264	-0.15264	-0.15264	
1908	0.31806	-0.152	-0.152	-0.152	
1909	0.31823	-0.15191	-0.15191	-0.15191	
1910	0.3184	-0.15218	-0.15218	-0.15218	
1911	0.31856	-0.15258	-0.15258	-0.15258	
1912	0.31873	-0.15286	-0.15286	-0.15286	
1913	0.3189	-0.1528	-0.1528	-0.1528	
1914	0.31906	-0.15225	-0.15225	-0.15225	
1915	0.31923	-0.15112	-0.15112	-0.15112	
1916	0.3194	-0.14946	-0.14946	-0.14946	
1917	0.31956	-0.14737	-0.14737	-0.14737	
1918	0.31973	-0.14503	-0.14503	-0.14503	
1919	0.3199	-0.14265	-0.14265	-0.14265	
1920	0.32006	-0.14043	-0.14043	-0.14043	
1921	0.32023	-0.13854	-0.13854	-0.13854	
1922	0.3204	-0.13707	-0.13707	-0.13707	
1923	0.32056	-0.13603	-0.13603	-0.13603	
1924	0.32073	-0.13535	-0.13535	-0.13535	
1925	0.3209	-0.13489	-0.13489	-0.13489	
1926	0.32106	-0.13449	-0.13449	-0.13449	
1927	0.32123	-0.13397	-0.13397	-0.13397	
1928	0.3214	-0.13317	-0.13317	-0.13317	
1929	0.32156	-0.13201	-0.13201	-0.13201	
1930	0.32173	-0.13046	-0.13046	-0.13046	
1931	0.3219	-0.12859	-0.12859	-0.12859	
1932	0.32206	-0.1265	-0.1265	-0.1265	
1933	0.32223	-0.12437	-0.12437	-0.12437	
1934	0.3224	-0.12236	-0.12236	-0.12236	
1935	0.32256	-0.12063	-0.12063	-0.12063	
1936	0.32273	-0.11927	-0.11927	-0.11927	
1937	0.3229	-0.11829	-0.11829	-0.11829	
1938	0.32306	-0.11764	-0.11764	-0.11764	
1939	0.32323	-0.11719	-0.11719	-0.11719	
1940	0.3234	-0.11675	-0.11675	-0.11675	
1941	0.32356	-0.11614	-0.11614	-0.11614	
1942	0.32373	-0.11516	-0.11516	-0.11516	
1943	0.3239	-0.11371	-0.11371	-0.11371	
1944	0.32406	-0.11174	-0.11174	-0.11174	
1945	0.32423	-0.1093	-0.1093	-0.1093	
1946	0.3244	-0.10654	-0.10654	-0.10654	
1947	0.32456	-0.10367	-0.10367	-0.10367	
1948	0.32473	-0.10092	-0.10092	-0.10092	
1949	0.3249	-9.8536e-002	-9.8536e-002	-9.8536e-002	
1950	0.32506	-9.6709e-002	-9.6709e-002	-9.6709e-002	
1951	0.32523	-9.5538e-002	-9.5538e-002	-9.5538e-002	
1952	0.3254	-9.5018e-002	-9.5018e-002	-9.5018e-002	
1953	0.32557	-9.503e-002	-9.503e-002	-9.503e-002	
1954	0.32573	-9.5356e-002	-9.5356e-002	-9.5356e-002	
1955	0.3259	-9.5709e-002	-9.5709e-002	-9.5709e-002	
1956	0.32607	-9.5781e-002	-9.5781e-002	-9.5781e-002	
1957	0.32623	-9.5291e-002	-9.5291e-002	-9.5291e-002	
1958	0.3264	-9.4034e-002	-9.4034e-002	-9.4034e-002	
1959	0.32657	-9.1919e-002	-9.1919e-002	-9.1919e-002	
1960	0.32673	-8.8989e-002	-8.8989e-002	-8.8989e-002	
1961	0.3269	-8.542e-002	-8.542e-002	-8.542e-002	
1962	0.32707	-8.1498e-002	-8.1498e-002	-8.1498e-002	
1963	0.32723	-7.758e-002	-7.758e-002	-7.758e-002	
1964	0.3274	-7.4033e-002	-7.4033e-002	-7.4033e-002	
1965	0.32757	-7.1182e-002	-7.1182e-002	-7.1182e-002	
1966	0.32773	-6.9254e-002	-6.9254e-002	-6.9254e-002	
1967	0.3279	-6.8338e-002	-6.8338e-002	-6.8338e-002	
1968	0.32807	-6.8365e-002	-6.8365e-002	-6.8365e-002	
1969	0.32823	-6.9116e-002	-6.9116e-002	-6.9116e-002	
1970	0.3284	-7.0252e-002	-7.0252e-002	-7.0252e-002	
1971	0.32857	-7.1362e-002	-7.1362e-002	-7.1362e-002	
1972	0.32873	-7.2025e-002	-7.2025e-002	-7.2025e-002	
1973	0.3289	-7.1879e-002	-7.1879e-002	-7.1879e-002	
1974	0.32907	-7.0674e-002	-7.0674e-002	-7.0674e-002	
1975	0.32923	-6.8318e-002	-6.8318e-002	-6.8318e-002	
1976	0.3294	-6.4892e-002	-6.4892e-002	-6.4892e-002	
1977	0.32957	-6.0642e-002	-6.0642e-002	-6.0642e-002	
1978	0.32973	-5.5945e-002	-5.5945e-002	-5.5945e-002	
1979	0.3299	-5.1251e-002	-5.1251e-002	-5.1251e-002	
1980	0.33007	-4.7018e-002	-4.7018e-002	-4.7018e-002	
1981	0.33023	-4.3638e-002	-4.3638e-002	-4.3638e-002	
1982	0.3304	-4.138e-002	-4.138e-002	-4.138e-002	
1983	0.33057	-4.0346e-002	-4.0346e-002	-4.0346e-002	
1984	0.33073	-4.0454e-002	-4.0454e-002	-4.0454e-002	
1985	0.3309	-4.1446e-002	-4.1446e-002	-4.1446e-002	
1986	0.33107	-4.2931e-002	-4.2931e-002	-4.2931e-002	
1987	0.33123	-4.4439e-002	-4.4439e-002	-4.4439e-002	
1988	0.3314	-4.5494e-002	-4.5494e-002	-4.5494e-002	
1989	0.33157	-4.5687e-002	-4.5687e-002	-4.5687e-002	
1990	0.33173	-4.4736e-002	-4.4736e-002	-4.4736e-002	
1991	0.3319	-4.253e-002	-4.253e-002	-4.253e-002	
1992	0.33207	-3.9145e-002	-3.9145e-002	-3.9145e-002	
1993	0.33223	-3.4833e-002	-3.4833e-002	-3.4833e-002	
1994	0.3324	-2.9983e-002	-2.9983e-002	-2.9983e-002	
1995	0.33257	-2.5061e-002	-2.5061e-002	-2.5061e-002	
1996	0.33273	-2.0543e-002	-2.0543e-002	-2.0543e-002	
1997	0.3329	-1.6837e-002	-1.6837e-002	-1.6837e-002	
1998	0.33307	-1.4229e-002	-1.4229e-002	-1.4229e-002	
1999	0.33323	-1.2836e-002	-1.2836e-002	-1.2836e-002	
2000	0.3334	-1.2596e-002	-1.2596e-002	-1.2596e-002	
2001	0.33357	-1.3273e-002	-1.3273e-002	-1.3273e-002	
2002	0.33373	-1.4501e-002	-1.4501e-002	-1.4501e-002	
2003	0.3339	-1.5837e-002	-1.5837e-002	-1.5837e-002	
2004	0.33407	-1.6831e-002	-1.6831e-002	-1.6831e-002	
2005	0.33423	-1.7092e-002	-1.7092e-002	-1.7092e-002	
2006	0.3344	-1.6347e-002	-1.6347e-002	-1.6347e-002	
2007	0.33457	-1.4478e-002	-1.4478e-002	-1.4478e-002	
2008	0.33473	-1.1534e-002	-1.1534e-002	-1.1534e-002	
2009	0.3349	-7.7238e-003	-7.7238e-003	-7.7238e-003	
2010	0.33507	-3.378e-003	-3.378e-003	-3.378e-003	
2011	0.33523	1.1044e-003	1.1044e-003	1.1044e-003	
2012	0.3354	5.3169e-003	5.3169e-003	5.3169e-003	
2013	0.33557	8.9068e-003	8.9068e-003	8.9068e-003	
2014	0.33573	1.1626e-002	1.1626e-002	1.1626e-002	
2015	0.3359	1.3365e-002	1.3365e-002	1.3365e-002	
2016	0.33607	1.4163e-002	1.4163e-002	1.4163e-002	
2017	0.33623	1.4198e-002	1.4198e-002	1.4198e-002	
2018	0.3364	1.375e-002	1.375e-002	1.375e-002	
2019	0.33657	1.3161e-002	1.3161e-002	1.3161e-002	
2020	0.33673	1.2774e-002	1.2774e-002	1.2774e-002	
2021	0.3369	1.2886e-002	1.2886e-002	1.2886e-002	
2022	0.33707	1.3703e-002	1.3703e-002	1.3703e-002	
2023	0.33723	1.5314e-002	1.5314e-002	1.5314e-002	
2024	0.3374	1.7685e-002	1.7685e-002	1.7685e-002	
2025	0.33757	2.0671e-002	2.0671e-002	2.0671e-002	
2026	0.33773	2.4042e-002	2.4042e-002	2.4042e-002	
2027	0.3379	2.7528e-002	2.7528e-002	2.7528e-002	
2028	0.33807	3.0861e-002	3.0861e-002	3.0861e-002	
2029	0.33823	3.3813e-002	3.3813e-002	3.3813e-002	
2030	0.3384	3.6235e-002	3.6235e-002	3.6235e-002	
2031	0.33857	3.8069e-002	3.8069e-002	3.8069e-002	
2032	0.33873	3.935e-002	3.935e-002	3.935e-002	
2033	0.3389	4.0198e-002	4.0198e-002	4.0198e-002	
2034	0.33907	4.0783e-002	4.0783e-002	4.0783e-002	
2035	0.33923	4.1304e-002	4.1304e-002	4.1304e-002	
2036	0.3394	4.1943e-002	4.1943e-002	4.1943e-002	
2037	0.33957	4.2845e-002	4.2845e-002	4.2845e-002	
2038	0.33973	4.4094e-002	4.4094e-002	4.4094e-002	
2039	0.3399	4.5706e-002	4.5706e-002	4.5706e-002	
2040	0.34007	4.7634e-002	4.7634e-002	4.7634e-002	
2041	0.34023	4.978e-002	4.978e-002	4.978e-002	
2042	0.3404	5.2025e-002	5.2025e-002	5.2025e-002	
2043	0.34057	5.4248e-002	5.4248e-002	5.4248e-002	
2044	0.34073	5.635e-002	5.635e-002	5.635e-002	
2045	0.3409	5.8273e-002	5.8273e-002	5.8273e-002	
2046	0.34107	6.0007e-002	6.0007e-002	6.0007e-002	
2047	0.34123	6.1585e-002	6.1585e-002	6.1585e-002	
2048	0.3414	6.3073e-002	6.3073e-002	6.3073e-002	
2049	0.34157	6.4553e-002	6.4553e-002	6.4553e-002	
2050	0.34173	6.6098e-002	6.6098e-002	6.6098e-002	
2051	0.3419	6.7759e-002	6.7759e-002	6.7759e-002	
2052	0.34207	6.9549e-002	6.9549e-002	6.9549e-002	
2053	0.34224	7.144e-002	7.144e-002	7.144e-002	
2054	0.3424	7.3368e-002	7.3368e-002	7.3368e-002	
2055	0.34257	7.5245e-002	7.5245e-002	7.5245e-002	
2056	0.34274	7.698e-002	7.698e-002	7.698e-002	
2057	0.3429	7.8501e-002	7.8501e-002	7.8501e-002	
2058	0.34307	7.977e-002	7.977e-002	7.977e-002	
2059	0.34324	8.0799e-002	8.0799e-002	8.0799e-002	
2060	0.3434	8.1651e-002	8.1651e-002	8.1651e-002	
2061	0.34357	8.2436e-002	8.2436e-002	8.2436e-002	
2062	0.34374	8.3289e-002	8.3289e-002	8.3289e-002	
2063	0.3439	8.435e-002	8.435e-002	8.435e-002	
2064	0.34407	8.5737e-002	8.5737e-002	8.5737e-002	
2065	0.34424	8.7522e-002	8.7522e-002	8.7522e-002	
2066	0.3444	8.9711e-002	8.9711e-002	8.9711e-002	
2067	0.34457	9.224e-002	9.224e-002	9.224e-002	
2068	0.34474	9.498e-002	9.498e-002	9.498e-002	
2069	0.3449	9.775e-002	9.775e-002	9.775e-002	
2070	0.34507	0.10035	0.10035	0.10035	
2071	0.34524	0.1026	0.1026	0.1026	
2072	0.3454	0.10434	0.10434	0.10434	
2073	0.34557	0.1055	0.1055	0.1055	
2074	0.34574	0.10611	0.10611	0.10611	
2075	0.3459	0.10626	0.10626	0.10626	
2076	0.34607	0.10614	0.10614	0.10614	
2077	0.34624	0.10598	0.10598	0.10598	
2078	0.3464	0.10603	0.10603	0.10603	
2079	0.34657	0.10653	0.10653	0.10653	
2080	0.34674	0.10764	0.10764	0.10764	
2081	0.3469	0.10943	0.10943	0.10943	
2082	0.34707	0.11188	0.11188	0.11188	
2083	0.34724	0.11484	0.11484	0.11484	
2084	0.3474	0.11811	0.11811	0.11811	
2085	0.34757	0.12139	0.12139	0.12139	
2086	0.34774	0.12439	0.12439	0.12439	
2087	0.3479	0.12688	0.12688	0.12688	
2088	0.34807	0.12865	0.12865	0.12865	
2089	0.34824	0.12964	0.12964	0.12964	
2090	0.3484	0.12988	0.12988	0.12988	
2091	0.34857	0.12954	0.12954	0.12954	
2092	0.34874	0.12887	0.12887	0.12887	
2093	0.3489	0.12815	0.12815	0.12815	
2094	0.34907	0.12772	0.12772	0.12772	
2095	0.34924	0.12783	0.12783	0.12783	
2096	0.3494	0.12868	0.12868	0.12868	
2097	0.34957	0.13033	0.13033	0.13033	
2098	0.34974	0.13273	0.13273	0.13273	
2099	0.3499	0.13571	0.13571	0.13571	
2100	0.35007	0.13901	0.13901	0.13901	
2101	0.35024	0.14232	0.14232	0.14232	
2102	0.3504	0.14531	0.14531	0.14531	
2103	0.35057	0.14773	0.14773	0.14773	
2104	0.35074	0.14938	0.14938	0.14938	
2105	0.3509	0.1502	0.1502	0.1502	
2106	0.35107	0.15027	0.15027	0.15027	
2107	0.35124	0.14976	0.14976	0.14976	
2108	0.3514	0.14893	0.14893	0.14893	
2109	0.35157	0.14809	0.14809	0.14809	
2110	0.35174	0.14756	0.14756	0.14756	
2111	0.3519	0.14759	0.14759	0.14759	
2112	0.35207	0.14833	0.14833	0.14833	
2113	0.35224	0.14984	0.14984	0.14984	
2114	0.3524	0.15204	0.15204	0.15204	
2115	0.35257	0.15475	0.15475	0.15475	
2116	0.35274	0.1577	0.1577	0.1577	
2117	0.3529	0.16059	0.16059	0.16059	
2118	0.35307	0.16314	0.16314	0.16314	
2119	0.35324	0.16513	0.16513	0.16513	
2120	0.3534	0.16642	0.16642	0.16642	
2121	0.35357	0.16698	0.16698	0.16698	
2122	0.35374	0.16691	0.16691	0.16691	
2123	0.3539	0.1664	0.1664	0.1664	
2124	0.35407	0.16569	0.16569	0.16569	
2125	0.35424	0.16507	0.16507	0.16507	
2126	0.3544	0.16478	0.16478	0.16478	
2127	0.35457	0.16501	0.16501	0.16501	
2128	0.35474	0.16586	0.16586	0.16586	
2129	0.3549	0.16731	0.16731	0.16731	
2130	0.35507	0.16927	0.16927	0.16927	
2131	0.35524	0.17155	0.17155	0.17155	
2132	0.3554	0.17389	0.17389	0.17389	
2133	0.35557	0.17607	0.17607	0.17607	
2134	0.35574	0.17786	0.17786	0.17786	
2135	0.3559	0.17914	0.17914	0.17914	
2136	0.35607	0.17984	0.17984	0.17984	
2137	0.35624	0.18001	0.18001	0.18001	
2138	0.3564	0.17978	0.17978	0.17978	
2139	0.35657	0.17934	0.17934	0.17934	
2140	0.35674	0.1789	0.1789	0.1789	
2141	0.3569	0.17868	0.17868	0.17868	
2142	0.35707	0.17884	0.17884	0.17884	
2143	0.35724	0.17946	0.17946	0.17946	
2144	0.3574	0.18056	0.18056	0.18056	
2145	0.35757	0.18204	0.18204	0.18204	
2146	0.35774	0.18376	0.18376	0.18376	
2147	0.3579	0.18553	0.18553	0.18553	
2148	0.35807	0.18715	0.18715	0.18715	
2149	0.35824	0.18845	0.18845	0.18845	
2150	0.3584	0.18931	0.18931	0.18931	
2151	0.35857	0.18971	0.18971	0.18971	
2152	0.35874	0.1897	0.1897	0.1897	
2153	0.35891	0.18939	0.18939	0.18939	
2154	0.35907	0.18896	0.18896	0.18896	
2155	0.35924	0.1886	0.1886	0.1886	
2156	0.35941	0.18849	0.18849	0.18849	
2157	0.35957	0.18875	0.18875	0.18875	
2158	0.35974	0.18944	0.18944	0.18944	
2159	0.35991	0.19054	0.19054	0.19054	
2160	0.36007	0.19194	0.19194	0.19194	
2161	0.36024	0.19348	0.19348	0.19348	
2162	0.36041	0.19496	0.19496	0.19496	
2163	0.36057	0.1962	0.1962	0.1962	
2164	0.36074	0.19704	0.19704	0.19704	
2165	0.36091	0.19739	0.19739	0.19739	
2166	0.36107	0.19726	0.19726	0.19726	
2167	0.36124	0.19673	0.19673	0.19673	
2168	0.36141	0.19595	0.19595	0.19595	
2169	0.36157	0.19513	0.19513	0.19513	
2170	0.36174	0.19449	0.19449	0.19449	
2171	0.36191	0.19421	0.19421	0.19421	
2172	0.36207	0.19442	0.19442	0.19442	
2173	0.36224	0.19517	0.19517	0.19517	
2174	0.36241	0.1964	0.1964	0.1964	
2175	0.36257	0.19797	0.19797	0.19797	
2176	0.36274	0.19967	0.19967	0.19967	
2177	0.36291	0.20126	0.20126	0.20126	
2178	0.36307	0.2025	0.2025	0.2025	
2179	0.36324	0.20321	0.20321	0.20321	
2180	0.36341	0.20328	0.20328	0.20328	
2181	0.36357	0.2027	0.2027	0.2027	
2182	0.36374	0.20159	0.20159	0.20159	
2183	0.36391	0.20014	0.20014	0.20014	
2184	0.36407	0.1986	0.1986	0.1986	
2185	0.36424	0.19727	0.19727	0.19727	
2186	0.36441	0.19639	0.19639	0.19639	
2187	0.36457	0.19614	0.19614	0.19614	
2188	0.36474	0.19662	0.19662	0.19662	
2189	0.36491	0.19779	0.19779	0.19779	
2190	0.36507	0.19949	0.19949	0.19949	
2191	0.36524	0.20148	0.20148	0.20148	
2192	0.36541	0.20345	0.20345	0.20345	
2193	0.36557	0.20509	0.20509	0.20509	
2194	0.36574	0.20613	0.20613	0.20613	
2195	0.36591	0.20637	0.20637	0.20637	
2196	0.36607	0.20576	0.20576	0.20576	
2197	0.36624	0.20436	0.20436	0.20436	
2198	0.36641	0.20236	0.20236	0.20236	
2199	0.36657	0.20006	0.20006	0.20006	
2200	0.36674	0.19781	0.19781	0.19781	
2201	0.36691	0.19595	0.19595	0.19595	
2202	0.36707	0.19476	0.19476	0.19476	
2203	0.36724	0.19444	0.19444	0.19444	
2204	0.36741	0.19504	0.19504	0.19504	
2205	0.36757	0.19647	0.19647	0.19647	
2206	0.36774	0.19849	0.19849	0.19849	
2207	0.36791	0.20078	0.20078	0.20078	
2208	0.36807	0.20295	0.20295	0.20295	
2209	0.36824	0.20465	0.20465	0.20465	
2210	0.36841	0.20555	0.20555	0.20555	
2211	0.36857	0.20548	0.20548	0.20548	
2212	0.36874	0.20439	0.20439	0.20439	
2213	0.36891	0.20238	0.20238	0.20238	
2214	0.36907	0.19972	0.19972	0.19972	
2215	0.36924	0.19675	0.19675	0.19675	
2216	0.36941	0.19389	0.19389	0.19389	
2217	0.36957	0.19151	0.19151	0.19151	
2218	0.36974	0.18994	0.18994	0.18994	
2219	0.36991	0.18937	0.18937	0.18937	
2220	0.37007	0.18985	0.18985	0.18985	
2221	0.37024	0.19125	0.19125	0.19125	
2222	0.37041	0.19331	0.19331	0.19331	
2223	0.37057	0.19566	0.19566	0.19566	
2224	0.37074	0.19789	0.19789	0.19789	
2225	0.37091	0.19959	0.19959	0.19959	
2226	0.37107	0.20044	0.20044	0.20044	
2227	0.37124	0.20024	0.20024	0.20024	
2228	0.37141	0.19895	0.19895	0.19895	
2229	0.37157	0.19668	0.19668	0.19668	
2230	0.37174	0.19371	0.19371	0.19371	
2231	0.37191	0.19039	0.19039	0.19039	
2232	0.37207	0.18714	0.18714	0.18714	
2233	0.37224	0.18436	0.18436	0.18436	
2234	0.37241	0.18238	0.18238	0.18238	
2235	0.37257	0.1814	0.1814	0.1814	
2236	0.37274	0.18148	0.18148	0.18148	
2237	0.37291	0.18249	0.18249	0.18249	
2238	0.37307	0.1842	0.1842	0.1842	
2239	0.37324	0.18625	0.18625	0.18625	
2240	0.37341	0.18824	0.18824	0.18824	
2241	0.37357	0.18978	0.18978	0.18978	
2242	0.37374	0.19056	0.19056	0.19056	
2243	0.37391	0.19036	0.19036	0.19036	
2244	0.37407	0.18914	0.18914	0.18914	
2245	0.37424	0.18699	0.18699	0.18699	
2246	0.37441	0.18413	0.18413	0.18413	
2247	0.37457	0.18088	0.18088	0.18088	
2248	0.37474	0.17762	0.17762	0.17762	
2249	0.37491	0.17471	0.17471	0.17471	
2250	0.37507	0.17244	0.17244	0.17244	
2251	0.37524	0.17102	0.17102	0.17102	
2252	0.37541	0.17051	0.17051	0.17051	
2253	0.37558	0.17083	0.17083	0.17083	
2254	0.37574	0.17179	0.17179	0.17179	
2255	0.37591	0.17311	0.17311	0.17311	
2256	0.37608	0.17447	0.17447	0.17447	
2257	0.37624	0.17553	0.17553	0.17553	
2258	0.37641	0.17604	0.17604	0.17604	
2259	0.37658	0.17582	0.17582	0.17582	
2260	0.37674	0.17479	0.17479	0.17479	
2261	0.37691	0.17301	0.17301	0.17301	
2262	0.37708	0.17063	0.17063	0.17063	
2263	0.37724	0.16789	0.16789	0.16789	
2264	0.37741	0.16506	0.16506	0.16506	
2265	0.37758	0.1624	0.1624	0.1624	
2266	0.37774	0.16015	0.16015	0.16015	
2267	0.37791	0.15845	0.15845	0.15845	
2268	0.37808	0.15737	0.15737	0.15737	
2269	0.37824	0.15687	0.15687	0.15687	
2270	0.37841	0.15684	0.15684	0.15684	
2271	0.37858	0.1571	0.1571	0.1571	
2272	0.37874	0.15744	0.15744	0.15744	
2273	0.37891	0.15766	0.15766	0.15766	
2274	0.37908	0.15758	0.15758	0.15758	
2275	0.37924	0.15709	0.15709	0.15709	
2276	0.37941	0.15614	0.15614	0.15614	
2277	0.37958	0.15475	0.15475	0.15475	
2278	0.37974	0.15301	0.15301	0.15301	
2279	0.37991	0.15103	0.15103	0.15103	
2280	0.38008	0.14897	0.14897	0.14897	
2281	0.38024	0.14696	0.14696	0.14696	
2282	0.38041	0.1451	0.1451	0.1451	
2283	0.38058	0.14346	0.14346	0.14346	
2284	0.38074	0.14208	0.14208	0.14208	
2285	0.38091	0.14092	0.14092	0.14092	
2286	0.38108	0.13994	0.13994	0.13994	
2287	0.38124	0.13906	0.13906	0.13906	
2288	0.38141	0.13819	0.13819	0.13819	
2289	0.38158	0.13729	0.13729	0.13729	
2290	0.38174	0.1363	0.1363	0.1363	
2291	0.38191	0.13521	0.13521	0.13521	
2292	0.38208	0.13403	0.13403	0.13403	
2293	0.38224	0.13279	0.13279	0.13279	
2294	0.38241	0.13153	0.13153	0.13153	
2295	0.38258	0.13028	0.13028	0.13028	
2296	0.38274	0.12906	0.12906	0.12906	
2297	0.38291	0.12788	0.12788	0.12788	
2298	0.38308	0.12671	0.12671	0.12671	
2299	0.38324	0.1255	0.1255	0.1255	
2300	0.38341	0.12421	0.12421	0.12421	
2301	0.38358	0.12278	0.12278	0.12278	
2302	0.38374	0.12119	0.12119	0.12119	
2303	0.38391	0.11941	0.11941	0.11941	
2304	0.38408	0.11749	0.11749	0.11749	
2305	0.38424	0.11547	0.11547	0.11547	
2306	0.38441	0.11344	0.11344	0.11344	
2307	0.38458	0.1115	0.1115	0.1115	
2308	0.38474	0.10975	0.10975	0.10975	
2309	0.38491	0.10827	0.10827	0.10827	
2310	0.38508	0.10709	0.10709	0.10709	
2311	0.38524	0.10621	0.10621	0.10621	
2312	0.38541	0.10558	0.10558	0.10558	
2313	0.38558	0.1051	0.1051	0.1051	
2314	0.38574	0.10464	0.10464	0.10464	
2315	0.38591	0.10404	0.10404	0.10404	
2316	0.38608	0.10317	0.10317	0.10317	
2317	0.38624	0.10191	0.10191	0.10191	
2318	0.38641	0.1002	0.1002	0.1002	
2319	0.38658	9.8056e-002	9.8056e-002	9.8056e-002	
2320	0.38674	9.553e-002	9.553e-002	9.553e-002	
2321	0.38691	9.275e-002	9.275e-002	9.275e-002	
2322	0.38708	8.9885e-002	8.9885e-002	8.9885e-002	
2323	0.38724	8.7122e-002	8.7122e-002	8.7122e-002	
2324	0.38741	8.4639e-002	8.4639e-002	8.4639e-002	
2325	0.38758	8.2581e-002	8.2581e-002	8.2581e-002	
2326	0.38774	8.1034e-002	8.1034e-002	8.1034e-002	
2327	0.38791	8.0014e-002	8.0014e-002	8.0014e-002	
2328	0.38808	7.9458e-002	7.9458e-002	7.9458e-002	
2329	0.38824	7.9237e-002	7.9237e-002	7.9237e-002	
2330	0.38841	7.9168e-002	7.9168e-002	7.9168e-002	
2331	0.38858	7.9042e-002	7.9042e-002	7.9042e-002	
2332	0.38874	7.8653e-002	7.8653e-002	7.8653e-002	
2333	0.38891	7.7829e-002	7.7829e-002	7.7829e-002	
2334	0.38908	7.6456e-002	7.6456e-002	7.6456e-002	
2335	0.38924	7.4493e-002	7.4493e-002	7.4493e-002	
2336	0.38941	7.1983e-002	7.1983e-002	7.1983e-002	
2337	0.38958	6.9042e-002	6.9042e-002	6.9042e-002	
2338	0.38974	6.585e-002	6.585e-002	6.585e-002	
2339	0.38991	6.2619e-002	6.2619e-002	6.2619e-002	
2340	0.39008	5.9565e-002	5.9565e-002	5.9565e-002	
2341	0.39024	5.6882e-002	5.6882e-002	5.6882e-002	
2342	0.39041	5.471e-002	5.471e-002	5.471e-002	
2343	0.39058	5.3118e-002	5.3118e-002	5.3118e-002	
2344	0.39074	5.2094e-002	5.2094e-002	5.2094e-002	
2345	0.39091	5.1551e-002	5.1551e-002	5.1551e-002	
2346	0.39108	5.1334e-002	5.1334e-002	5.1334e-002	
2347	0.39124	5.1247e-002	5.1247e-002	5.1247e-002	
2348	0.39141	5.108e-002	5.108e-002	5.108e-002	
2349	0.39158	5.0633e-002	5.0633e-002	5.0633e-002	
2350	0.39174	4.9748e-002	4.9748e-002	4.9748e-002	
2351	0.39191	4.833e-002	4.833e-002	4.833e-002	
2352	0.39208	4.6352e-002	4.6352e-002	4.6352e-002	
2353	0.39225	4.3863e-002	4.3863e-002	4.3863e-002	
2354	0.39241	4.0977e-002	4.0977e-002	4.0977e-002	
2355	0.39258	3.7856e-002	3.7856e-002	3.7856e-002	
2356	0.39275	3.469e-002	3.469e-002	3.469e-002	
2357	0.39291	3.1665e-002	3.1665e-002	3.1665e-002	
2358	0.39308	2.8946e-002	2.8946e-002	2.8946e-002	
2359	0.39325	2.6653e-002	2.6653e-002	2.6653e-002	
2360	0.39341	2.4848e-002	2.4848e-002	2.4848e-002	
2361	0.39358	2.3528e-002	2.3528e-002	2.3528e-002	
2362	0.39375	2.2631e-002	2.2631e-002	2.2631e-002	
2363	0.39391	2.2043e-002	2.2043e-002	2.2043e-002	
2364	0.39408	2.1617e-002	2.1617e-002	2.1617e-002	
2365	0.39425	2.1192e-002	2.1192e-002	2.1192e-002	
2366	0.39441	2.0611e-002	2.0611e-002	2.0611e-002	
2367	0.39458	1.9742e-002	1.9742e-002	1.9742e-002	
2368	0.39475	1.8495e-002	1.8495e-002	1.8495e-002	
2369	0.39491	1.6824e-002	1.6824e-002	1.6824e-002	
2370	0.39508	1.4736e-002	1.4736e-002	1.4736e-002	
2371	0.39525	1.2287e-002	1.2287e-002	1.2287e-002	
2372	0.39541	9.5707e-003	9.5707e-003	9.5707e-003	
2373	0.39558	6.7078e-003	6.7078e-003	6.7078e-003	
2374	0.39575	3.8318e-003	3.8318e-003	3.8318e-003	
2375	0.39591	1.0732e-003	1.0732e-003	1.0732e-003	
2376	0.39608	-1.4546e-003	-1.4546e-003	-1.4546e-003	
2377	0.39625	-3.6667e-003	-3.6667e-003	-3.6667e-003	
2378	0.39641	-5.5146e-003	-5.5146e-003	-5.5146e-003	
2379	0.39658	-6.9906e-003	-6.9906e-003	-6.9906e-003	
2380	0.39675	-8.1271e-003	-8.1271e-003	-8.1271e-003	
2381	0.39691	-8.9924e-003	-8.9924e-003	-8.9924e-003	
2382	0.39708	-9.6837e-003	-9.6837e-003	-9.6837e-003	
2383	0.39725	-1.0316e-002	-1.0316e-002	-1.0316e-002	
2384	0.39741	-1.101e-002	-1.101e-002	-1.101e-002	
2385	0.39758	-1.1882e-002	-1.1882e-002	-1.1882e-002	
2386	0.39775	-1.3027e-002	-1.3027e-002	-1.3027e-002	
2387	0.39791	-1.4512e-002	-1.4512e-002	-1.4512e-002	
2388	0.39808	-1.637e-002	-1.637e-002	-1.637e-002	
2389	0.39825	-1.8589e-002	-1.8589e-002	-1.8589e-002	
2390	0.39841	-2.1118e-002	-2.1118e-002	-2.1118e-002	
2391	0.39858	-2.3871e-002	-2.3871e-002	-2.3871e-002	
2392	0.39875	-2.6731e-002	-2.6731e-002	-2.6731e-002	
2393	0.39891	-2.9567e-002	-2.9567e-002	-2.9567e-002	
2394	0.39908	-3.2244e-002	-3.2244e-002	-3.2244e-002	
2395	0.39925	-3.4645e-002	-3.4645e-002	-3.4645e-002	
2396	0.39941	-3.6679e-002	-3.6679e-002	-3.6679e-002	
2397	0.39958	-3.8295e-002	-3.8295e-002	-3.8295e-002	
2398	0.39975	-3.9494e-002	-3.9494e-002	-3.9494e-002	
2399	0.39991	-4.0325e-002	-4.0325e-002	-4.0325e-002	
2400	0.4	-4.0638e-002	-4.0638e-002	-4.0638e-002	
