	Time [s]	Minimum [mm]	Maximum [mm]	Average [mm]	
1	1.6667e-004	2.4029e-002	2.4029e-002	2.4029e-002	
2	3.3333e-004	7.3423e-002	7.3423e-002	7.3423e-002	
3	5.0003e-004	0.1202	0.1202	0.1202	
4	6.6673e-004	0.16587	0.16587	0.16587	
5	8.3343e-004	0.23054	0.23054	0.23054	
6	1.0001e-003	0.30232	0.30232	0.30232	
7	1.1668e-003	0.3466	0.3466	0.3466	
8	1.3335e-003	0.35955	0.35955	0.35955	
9	1.5002e-003	0.35702	0.35702	0.35702	
10	1.6669e-003	0.33698	0.33698	0.33698	
11	1.8336e-003	0.29111	0.29111	0.29111	
12	2.0003e-003	0.22778	0.22778	0.22778	
13	2.167e-003	0.16559	0.16559	0.16559	
14	2.3337e-003	0.11376	0.11376	0.11376	
15	2.5004e-003	7.3081e-002	7.3081e-002	7.3081e-002	
16	2.6671e-003	4.9842e-002	4.9842e-002	4.9842e-002	
17	2.8338e-003	5.2441e-002	5.2441e-002	5.2441e-002	
18	3.0005e-003	7.9868e-002	7.9868e-002	7.9868e-002	
19	3.1672e-003	0.12251	0.12251	0.12251	
20	3.3339e-003	0.17303	0.17303	0.17303	
21	3.5006e-003	0.22814	0.22814	0.22814	
22	3.6673e-003	0.27927	0.27927	0.27927	
23	3.834e-003	0.31386	0.31386	0.31386	
24	4.0007e-003	0.32712	0.32712	0.32712	
25	4.1674e-003	0.32275	0.32275	0.32275	
26	4.3341e-003	0.30224	0.30224	0.30224	
27	4.5008e-003	0.26422	0.26422	0.26422	
28	4.6675e-003	0.21504	0.21504	0.21504	
29	4.8342e-003	0.16783	0.16783	0.16783	
30	5.0009e-003	0.13019	0.13019	0.13019	
31	5.1676e-003	0.10307	0.10307	0.10307	
32	5.3343e-003	9.0242e-002	9.0242e-002	9.0242e-002	
33	5.501e-003	9.7552e-002	9.7552e-002	9.7552e-002	
34	5.6677e-003	0.12281	0.12281	0.12281	
35	5.8344e-003	0.15652	0.15652	0.15652	
36	6.0011e-003	0.19228	0.19228	0.19228	
37	6.1678e-003	0.22808	0.22808	0.22808	
38	6.3345e-003	0.25885	0.25885	0.25885	
39	6.5012e-003	0.27647	0.27647	0.27647	
40	6.6679e-003	0.27763	0.27763	0.27763	
41	6.8346e-003	0.26545	0.26545	0.26545	
42	7.0013e-003	0.24341	0.24341	0.24341	
43	7.168e-003	0.21361	0.21361	0.21361	
44	7.3347e-003	0.18095	0.18095	0.18095	
45	7.5014e-003	0.15341	0.15341	0.15341	
46	7.6681e-003	0.13643	0.13643	0.13643	
47	7.8348e-003	0.13059	0.13059	0.13059	
48	8.0015e-003	0.13548	0.13548	0.13548	
49	8.1682e-003	0.15161	0.15161	0.15161	
50	8.3349e-003	0.17677	0.17677	0.17677	
51	8.5016e-003	0.20444	0.20444	0.20444	
52	8.6683e-003	0.22793	0.22793	0.22793	
53	8.835e-003	0.24389	0.24389	0.24389	
54	9.0017e-003	0.25055	0.25055	0.25055	
55	9.1684e-003	0.24598	0.24598	0.24598	
56	9.3351e-003	0.23004	0.23004	0.23004	
57	9.5018e-003	0.20606	0.20606	0.20606	
58	9.6685e-003	0.17893	0.17893	0.17893	
59	9.8352e-003	0.15316	0.15316	0.15316	
60	1.0002e-002	0.13327	0.13327	0.13327	
61	1.0169e-002	0.12376	0.12376	0.12376	
62	1.0335e-002	0.12706	0.12706	0.12706	
63	1.0502e-002	0.14226	0.14226	0.14226	
64	1.0669e-002	0.16644	0.16644	0.16644	
65	1.0835e-002	0.19589	0.19589	0.19589	
66	1.1002e-002	0.22572	0.22572	0.22572	
67	1.1169e-002	0.25019	0.25019	0.25019	
68	1.1336e-002	0.26448	0.26448	0.26448	
69	1.1502e-002	0.26612	0.26612	0.26612	
70	1.1669e-002	0.2545	0.2545	0.2545	
71	1.1836e-002	0.23058	0.23058	0.23058	
72	1.2002e-002	0.19757	0.19757	0.19757	
73	1.2169e-002	0.16097	0.16097	0.16097	
74	1.2336e-002	0.12709	0.12709	0.12709	
75	1.2502e-002	0.10152	0.10152	0.10152	
76	1.2669e-002	8.8576e-002	8.8576e-002	8.8576e-002	
77	1.2836e-002	9.0928e-002	9.0928e-002	9.0928e-002	
78	1.3003e-002	0.10859	0.10859	0.10859	
79	1.3169e-002	0.1387	0.1387	0.1387	
80	1.3336e-002	0.17653	0.17653	0.17653	
81	1.3503e-002	0.21646	0.21646	0.21646	
82	1.3669e-002	0.25215	0.25215	0.25215	
83	1.3836e-002	0.27726	0.27726	0.27726	
84	1.4003e-002	0.28724	0.28724	0.28724	
85	1.4169e-002	0.28056	0.28056	0.28056	
86	1.4336e-002	0.25837	0.25837	0.25837	
87	1.4503e-002	0.22362	0.22362	0.22362	
88	1.467e-002	0.18107	0.18107	0.18107	
89	1.4836e-002	0.13721	0.13721	0.13721	
90	1.5003e-002	9.917e-002	9.917e-002	9.917e-002	
91	1.517e-002	7.3018e-002	7.3018e-002	7.3018e-002	
92	1.5336e-002	6.2761e-002	6.2761e-002	6.2761e-002	
93	1.5503e-002	6.9969e-002	6.9969e-002	6.9969e-002	
94	1.567e-002	9.3487e-002	9.3487e-002	9.3487e-002	
95	1.5836e-002	0.12945	0.12945	0.12945	
96	1.6003e-002	0.17207	0.17207	0.17207	
97	1.617e-002	0.21474	0.21474	0.21474	
98	1.6337e-002	0.25099	0.25099	0.25099	
99	1.6503e-002	0.27519	0.27519	0.27519	
100	1.667e-002	0.28348	0.28348	0.28348	
101	1.6837e-002	0.27453	0.27453	0.27453	
102	1.7003e-002	0.24985	0.24985	0.24985	
103	1.717e-002	0.21331	0.21331	0.21331	
104	1.7337e-002	0.17063	0.17063	0.17063	
105	1.7503e-002	0.12847	0.12847	0.12847	
106	1.767e-002	9.3324e-002	9.3324e-002	9.3324e-002	
107	1.7837e-002	7.0355e-002	7.0355e-002	7.0355e-002	
108	1.8004e-002	6.267e-002	6.267e-002	6.267e-002	
109	1.817e-002	7.1022e-002	7.1022e-002	7.1022e-002	
110	1.8337e-002	9.3691e-002	9.3691e-002	9.3691e-002	
111	1.8504e-002	0.12668	0.12668	0.12668	
112	1.867e-002	0.16442	0.16442	0.16442	
113	1.8837e-002	0.20085	0.20085	0.20085	
114	1.9004e-002	0.23032	0.23032	0.23032	
115	1.917e-002	0.24842	0.24842	0.24842	
116	1.9337e-002	0.25257	0.25257	0.25257	
117	1.9504e-002	0.24248	0.24248	0.24248	
118	1.9671e-002	0.22016	0.22016	0.22016	
119	1.9837e-002	0.18942	0.18942	0.18942	
120	2.0004e-002	0.15533	0.15533	0.15533	
121	2.0171e-002	0.12334	0.12334	0.12334	
122	2.0337e-002	9.845e-002	9.845e-002	9.845e-002	
123	2.0504e-002	8.4279e-002	8.4279e-002	8.4279e-002	
124	2.0671e-002	8.249e-002	8.249e-002	8.249e-002	
125	2.0837e-002	9.2589e-002	9.2589e-002	9.2589e-002	
126	2.1004e-002	0.11214	0.11214	0.11214	
127	2.1171e-002	0.13733	0.13733	0.13733	
128	2.1338e-002	0.1637	0.1637	0.1637	
129	2.1504e-002	0.18682	0.18682	0.18682	
130	2.1671e-002	0.20295	0.20295	0.20295	
131	2.1838e-002	0.2095	0.2095	0.2095	
132	2.2004e-002	0.20558	0.20558	0.20558	
133	2.2171e-002	0.1923	0.1923	0.1923	
134	2.2338e-002	0.17241	0.17241	0.17241	
135	2.2504e-002	0.1497	0.1497	0.1497	
136	2.2671e-002	0.12814	0.12814	0.12814	
137	2.2838e-002	0.11134	0.11134	0.11134	
138	2.3005e-002	0.10198	0.10198	0.10198	
139	2.3171e-002	0.10133	0.10133	0.10133	
140	2.3338e-002	0.10902	0.10902	0.10902	
141	2.3505e-002	0.12314	0.12314	0.12314	
142	2.3671e-002	0.14068	0.14068	0.14068	
143	2.3838e-002	0.15811	0.15811	0.15811	
144	2.4005e-002	0.17198	0.17198	0.17198	
145	2.4171e-002	0.17959	0.17959	0.17959	
146	2.4338e-002	0.17941	0.17941	0.17941	
147	2.4505e-002	0.17135	0.17135	0.17135	
148	2.4672e-002	0.15674	0.15674	0.15674	
149	2.4838e-002	0.13818	0.13818	0.13818	
150	2.5005e-002	0.11904	0.11904	0.11904	
151	2.5172e-002	0.10286	0.10286	0.10286	
152	2.5338e-002	9.268e-002	9.268e-002	9.268e-002	
153	2.5505e-002	9.0467e-002	9.0467e-002	9.0467e-002	
154	2.5672e-002	9.6687e-002	9.6687e-002	9.6687e-002	
155	2.5838e-002	0.11022	0.11022	0.11022	
156	2.6005e-002	0.12857	0.12857	0.12857	
157	2.6172e-002	0.14834	0.14834	0.14834	
158	2.6339e-002	0.16587	0.16587	0.16587	
159	2.6505e-002	0.17783	0.17783	0.17783	
160	2.6672e-002	0.18174	0.18174	0.18174	
161	2.6839e-002	0.17647	0.17647	0.17647	
162	2.7005e-002	0.16241	0.16241	0.16241	
163	2.7172e-002	0.1415	0.1415	0.1415	
164	2.7339e-002	0.11701	0.11701	0.11701	
165	2.7505e-002	9.2923e-002	9.2923e-002	9.2923e-002	
166	2.7672e-002	7.3296e-002	7.3296e-002	7.3296e-002	
167	2.7839e-002	6.1469e-002	6.1469e-002	6.1469e-002	
168	2.8006e-002	5.9497e-002	5.9497e-002	5.9497e-002	
169	2.8172e-002	6.7804e-002	6.7804e-002	6.7804e-002	
170	2.8339e-002	8.5122e-002	8.5122e-002	8.5122e-002	
171	2.8506e-002	0.10866	0.10866	0.10866	
172	2.8672e-002	0.13453	0.13453	0.13453	
173	2.8839e-002	0.15835	0.15835	0.15835	
174	2.9006e-002	0.17603	0.17603	0.17603	
175	2.9172e-002	0.18442	0.18442	0.18442	
176	2.9339e-002	0.18185	0.18185	0.18185	
177	2.9506e-002	0.16843	0.16843	0.16843	
178	2.9673e-002	0.14602	0.14602	0.14602	
179	2.9839e-002	0.11796	0.11796	0.11796	
180	3.0006e-002	8.8564e-002	8.8564e-002	8.8564e-002	
181	3.0173e-002	6.2432e-002	6.2432e-002	6.2432e-002	
182	3.0339e-002	4.3709e-002	4.3709e-002	4.3709e-002	
183	3.0506e-002	3.5348e-002	3.5348e-002	3.5348e-002	
184	3.0673e-002	3.8582e-002	3.8582e-002	3.8582e-002	
185	3.0839e-002	5.2719e-002	5.2719e-002	5.2719e-002	
186	3.1006e-002	7.5291e-002	7.5291e-002	7.5291e-002	
187	3.1173e-002	0.1025	0.1025	0.1025	
188	3.134e-002	0.12985	0.12985	0.12985	
189	3.1506e-002	0.15284	0.15284	0.15284	
190	3.1673e-002	0.1677	0.1677	0.1677	
191	3.184e-002	0.17192	0.17192	0.17192	
192	3.2006e-002	0.1647	0.1647	0.1647	
193	3.2173e-002	0.14714	0.14714	0.14714	
194	3.234e-002	0.12197	0.12197	0.12197	
195	3.2506e-002	9.3214e-002	9.3214e-002	9.3214e-002	
196	3.2673e-002	6.542e-002	6.542e-002	6.542e-002	
197	3.284e-002	4.2949e-002	4.2949e-002	4.2949e-002	
198	3.3007e-002	2.9232e-002	2.9232e-002	2.9232e-002	
199	3.3173e-002	2.6205e-002	2.6205e-002	2.6205e-002	
200	3.334e-002	3.402e-002	3.402e-002	3.402e-002	
201	3.3507e-002	5.1047e-002	5.1047e-002	5.1047e-002	
202	3.3673e-002	7.4181e-002	7.4181e-002	7.4181e-002	
203	3.384e-002	9.9361e-002	9.9361e-002	9.9361e-002	
204	3.4007e-002	0.12224	0.12224	0.12224	
205	3.4173e-002	0.1389	0.1389	0.1389	
206	3.434e-002	0.14652	0.14652	0.14652	
207	3.4507e-002	0.14381	0.14381	0.14381	
208	3.4674e-002	0.13124	0.13124	0.13124	
209	3.484e-002	0.11091	0.11091	0.11091	
210	3.5007e-002	8.6199e-002	8.6199e-002	8.6199e-002	
211	3.5174e-002	6.1193e-002	6.1193e-002	6.1193e-002	
212	3.534e-002	4.0004e-002	4.0004e-002	4.0004e-002	
213	3.5507e-002	2.6056e-002	2.6056e-002	2.6056e-002	
214	3.5674e-002	2.1484e-002	2.1484e-002	2.1484e-002	
215	3.584e-002	2.6763e-002	2.6763e-002	2.6763e-002	
216	3.6007e-002	4.066e-002	4.066e-002	4.066e-002	
217	3.6174e-002	6.0485e-002	6.0485e-002	6.0485e-002	
218	3.6341e-002	8.2584e-002	8.2584e-002	8.2584e-002	
219	3.6507e-002	0.10296	0.10296	0.10296	
220	3.6674e-002	0.11793	0.11793	0.11793	
221	3.6841e-002	0.12472	0.12472	0.12472	
222	3.7007e-002	0.12194	0.12194	0.12194	
223	3.7174e-002	0.10985	0.10985	0.10985	
224	3.7341e-002	9.033e-002	9.033e-002	9.033e-002	
225	3.7507e-002	6.6581e-002	6.6581e-002	6.6581e-002	
226	3.7674e-002	4.2569e-002	4.2569e-002	4.2569e-002	
227	3.7841e-002	2.2327e-002	2.2327e-002	2.2327e-002	
228	3.8008e-002	9.2527e-003	9.2527e-003	9.2527e-003	
229	3.8174e-002	5.5174e-003	5.5174e-003	5.5174e-003	
230	3.8341e-002	1.1696e-002	1.1696e-002	1.1696e-002	
231	3.8508e-002	2.6667e-002	2.6667e-002	2.6667e-002	
232	3.8674e-002	4.7793e-002	4.7793e-002	4.7793e-002	
233	3.8841e-002	7.1356e-002	7.1356e-002	7.1356e-002	
234	3.9008e-002	9.3185e-002	9.3185e-002	9.3185e-002	
235	3.9174e-002	0.10935	0.10935	0.10935	
236	3.9341e-002	0.11681	0.11681	0.11681	
237	3.9508e-002	0.11398	0.11398	0.11398	
238	3.9675e-002	0.10093	0.10093	0.10093	
239	3.9841e-002	7.9485e-002	7.9485e-002	7.9485e-002	
240	4.0008e-002	5.2882e-002	5.2882e-002	5.2882e-002	
241	4.0175e-002	2.5283e-002	2.5283e-002	2.5283e-002	
242	4.0341e-002	1.09e-003	1.09e-003	1.09e-003	
243	4.0508e-002	-1.5794e-002	-1.5794e-002	-1.5794e-002	
244	4.0675e-002	-2.2627e-002	-2.2627e-002	-2.2627e-002	
245	4.0841e-002	-1.8299e-002	-1.8299e-002	-1.8299e-002	
246	4.1008e-002	-3.5295e-003	-3.5295e-003	-3.5295e-003	
247	4.1175e-002	1.9246e-002	1.9246e-002	1.9246e-002	
248	4.1342e-002	4.6278e-002	4.6278e-002	4.6278e-002	
249	4.1508e-002	7.3103e-002	7.3103e-002	7.3103e-002	
250	4.1675e-002	9.5252e-002	9.5252e-002	9.5252e-002	
251	4.1842e-002	0.10896	0.10896	0.10896	
252	4.2008e-002	0.11175	0.11175	0.11175	
253	4.2175e-002	0.10289	0.10289	0.10289	
254	4.2342e-002	8.3483e-002	8.3483e-002	8.3483e-002	
255	4.2508e-002	5.6356e-002	5.6356e-002	5.6356e-002	
256	4.2675e-002	2.5598e-002	2.5598e-002	2.5598e-002	
257	4.2842e-002	-4.1033e-003	-4.1033e-003	-4.1033e-003	
258	4.3009e-002	-2.8231e-002	-2.8231e-002	-2.8231e-002	
259	4.3175e-002	-4.3167e-002	-4.3167e-002	-4.3167e-002	
260	4.3342e-002	-4.6759e-002	-4.6759e-002	-4.6759e-002	
261	4.3509e-002	-3.8648e-002	-3.8648e-002	-3.8648e-002	
262	4.3675e-002	-2.0308e-002	-2.0308e-002	-2.0308e-002	
263	4.3842e-002	5.1963e-003	5.1963e-003	5.1963e-003	
264	4.4009e-002	3.3703e-002	3.3703e-002	3.3703e-002	
265	4.4175e-002	6.0611e-002	6.0611e-002	6.0611e-002	
266	4.4342e-002	8.161e-002	8.161e-002	8.161e-002	
267	4.4509e-002	9.3353e-002	9.3353e-002	9.3353e-002	
268	4.4676e-002	9.3967e-002	9.3967e-002	9.3967e-002	
269	4.4842e-002	8.333e-002	8.333e-002	8.333e-002	
270	4.5009e-002	6.3073e-002	6.3073e-002	6.3073e-002	
271	4.5176e-002	3.6306e-002	3.6306e-002	3.6306e-002	
272	4.5342e-002	7.1127e-003	7.1127e-003	7.1127e-003	
273	4.5509e-002	-2.0119e-002	-2.0119e-002	-2.0119e-002	
274	4.5676e-002	-4.14e-002	-4.14e-002	-4.14e-002	
275	4.5842e-002	-5.377e-002	-5.377e-002	-5.377e-002	
276	4.6009e-002	-5.574e-002	-5.574e-002	-5.574e-002	
277	4.6176e-002	-4.7484e-002	-4.7484e-002	-4.7484e-002	
278	4.6343e-002	-3.0757e-002	-3.0757e-002	-3.0757e-002	
279	4.6509e-002	-8.5747e-003	-8.5747e-003	-8.5747e-003	
280	4.6676e-002	1.5298e-002	1.5298e-002	1.5298e-002	
281	4.6843e-002	3.6948e-002	3.6948e-002	3.6948e-002	
282	4.7009e-002	5.2933e-002	5.2933e-002	5.2933e-002	
283	4.7176e-002	6.0815e-002	6.0815e-002	6.0815e-002	
284	4.7343e-002	5.9523e-002	5.9523e-002	5.9523e-002	
285	4.7509e-002	4.9486e-002	4.9486e-002	4.9486e-002	
286	4.7676e-002	3.2521e-002	3.2521e-002	3.2521e-002	
287	4.7843e-002	1.1478e-002	1.1478e-002	1.1478e-002	
288	4.801e-002	-1.0271e-002	-1.0271e-002	-1.0271e-002	
289	4.8176e-002	-2.941e-002	-2.941e-002	-2.941e-002	
290	4.8343e-002	-4.3217e-002	-4.3217e-002	-4.3217e-002	
291	4.851e-002	-4.9978e-002	-4.9978e-002	-4.9978e-002	
292	4.8676e-002	-4.9211e-002	-4.9211e-002	-4.9211e-002	
293	4.8843e-002	-4.1688e-002	-4.1688e-002	-4.1688e-002	
294	4.901e-002	-2.9247e-002	-2.9247e-002	-2.9247e-002	
295	4.9176e-002	-1.4444e-002	-1.4444e-002	-1.4444e-002	
296	4.9343e-002	-9.2306e-005	-9.2306e-005	-9.2306e-005	
297	4.951e-002	1.1222e-002	1.1222e-002	1.1222e-002	
298	4.9677e-002	1.7573e-002	1.7573e-002	1.7573e-002	
299	4.9843e-002	1.8001e-002	1.8001e-002	1.8001e-002	
300	5.001e-002	1.2638e-002	1.2638e-002	1.2638e-002	
301	5.0177e-002	2.641e-003	2.641e-003	2.641e-003	
302	5.0343e-002	-1.0049e-002	-1.0049e-002	-1.0049e-002	
303	5.051e-002	-2.309e-002	-2.309e-002	-2.309e-002	
304	5.0677e-002	-3.4187e-002	-3.4187e-002	-3.4187e-002	
305	5.0843e-002	-4.1513e-002	-4.1513e-002	-4.1513e-002	
306	5.101e-002	-4.4038e-002	-4.4038e-002	-4.4038e-002	
307	5.1177e-002	-4.1691e-002	-4.1691e-002	-4.1691e-002	
308	5.1344e-002	-3.5347e-002	-3.5347e-002	-3.5347e-002	
309	5.151e-002	-2.663e-002	-2.663e-002	-2.663e-002	
310	5.1677e-002	-1.76e-002	-1.76e-002	-1.76e-002	
311	5.1844e-002	-1.0362e-002	-1.0362e-002	-1.0362e-002	
312	5.201e-002	-6.6763e-003	-6.6763e-003	-6.6763e-003	
313	5.2177e-002	-7.6216e-003	-7.6216e-003	-7.6216e-003	
314	5.2344e-002	-1.338e-002	-1.338e-002	-1.338e-002	
315	5.251e-002	-2.3181e-002	-2.3181e-002	-2.3181e-002	
316	5.2677e-002	-3.5432e-002	-3.5432e-002	-3.5432e-002	
317	5.2844e-002	-4.7997e-002	-4.7997e-002	-4.7997e-002	
318	5.3011e-002	-5.8604e-002	-5.8604e-002	-5.8604e-002	
319	5.3177e-002	-6.5263e-002	-6.5263e-002	-6.5263e-002	
320	5.3344e-002	-6.6654e-002	-6.6654e-002	-6.6654e-002	
321	5.3511e-002	-6.2384e-002	-6.2384e-002	-6.2384e-002	
322	5.3677e-002	-5.3087e-002	-5.3087e-002	-5.3087e-002	
323	5.3844e-002	-4.0337e-002	-4.0337e-002	-4.0337e-002	
324	5.4011e-002	-2.6406e-002	-2.6406e-002	-2.6406e-002	
325	5.4177e-002	-1.3885e-002	-1.3885e-002	-1.3885e-002	
326	5.4344e-002	-5.2477e-003	-5.2477e-003	-5.2477e-003	
327	5.4511e-002	-2.4146e-003	-2.4146e-003	-2.4146e-003	
328	5.4678e-002	-6.3998e-003	-6.3998e-003	-6.3998e-003	
329	5.4844e-002	-1.7099e-002	-1.7099e-002	-1.7099e-002	
330	5.5011e-002	-3.326e-002	-3.326e-002	-3.326e-002	
331	5.5178e-002	-5.2654e-002	-5.2654e-002	-5.2654e-002	
332	5.5344e-002	-7.241e-002	-7.241e-002	-7.241e-002	
333	5.5511e-002	-8.9481e-002	-8.9481e-002	-8.9481e-002	
334	5.5678e-002	-0.10115	-0.10115	-0.10115	
335	5.5844e-002	-0.10548	-0.10548	-0.10548	
336	5.6011e-002	-0.10169	-0.10169	-0.10169	
337	5.6178e-002	-9.0277e-002	-9.0277e-002	-9.0277e-002	
338	5.6345e-002	-7.2963e-002	-7.2963e-002	-7.2963e-002	
339	5.6511e-002	-5.2461e-002	-5.2461e-002	-5.2461e-002	
340	5.6678e-002	-3.2042e-002	-3.2042e-002	-3.2042e-002	
341	5.6845e-002	-1.5031e-002	-1.5031e-002	-1.5031e-002	
342	5.7011e-002	-4.2908e-003	-4.2908e-003	-4.2908e-003	
343	5.7178e-002	-1.763e-003	-1.763e-003	-1.763e-003	
344	5.7345e-002	-8.1505e-003	-8.1505e-003	-8.1505e-003	
345	5.7511e-002	-2.2784e-002	-2.2784e-002	-2.2784e-002	
346	5.7678e-002	-4.3708e-002	-4.3708e-002	-4.3708e-002	
347	5.7845e-002	-6.7972e-002	-6.7972e-002	-6.7972e-002	
348	5.8012e-002	-9.2088e-002	-9.2088e-002	-9.2088e-002	
349	5.8178e-002	-0.11258	-0.11258	-0.11258	
350	5.8345e-002	-0.12651	-0.12651	-0.12651	
351	5.8512e-002	-0.13195	-0.13195	-0.13195	
352	5.8678e-002	-0.12827	-0.12827	-0.12827	
353	5.8845e-002	-0.1162	-0.1162	-0.1162	
354	5.9012e-002	-9.7721e-002	-9.7721e-002	-9.7721e-002	
355	5.9178e-002	-7.5782e-002	-7.5782e-002	-7.5782e-002	
356	5.9345e-002	-5.3802e-002	-5.3802e-002	-5.3802e-002	
357	5.9512e-002	-3.5169e-002	-3.5169e-002	-3.5169e-002	
358	5.9679e-002	-2.2724e-002	-2.2724e-002	-2.2724e-002	
359	5.9845e-002	-1.8335e-002	-1.8335e-002	-1.8335e-002	
360	6.0012e-002	-2.2633e-002	-2.2633e-002	-2.2633e-002	
361	6.0179e-002	-3.4936e-002	-3.4936e-002	-3.4936e-002	
362	6.0345e-002	-5.3386e-002	-5.3386e-002	-5.3386e-002	
363	6.0512e-002	-7.5259e-002	-7.5259e-002	-7.5259e-002	
364	6.0679e-002	-9.7409e-002	-9.7409e-002	-9.7409e-002	
365	6.0845e-002	-0.11676	-0.11676	-0.11676	
366	6.1012e-002	-0.13076	-0.13076	-0.13076	
367	6.1179e-002	-0.13776	-0.13776	-0.13776	
368	6.1346e-002	-0.13721	-0.13721	-0.13721	
369	6.1512e-002	-0.12969	-0.12969	-0.12969	
370	6.1679e-002	-0.11679	-0.11679	-0.11679	
371	6.1846e-002	-0.10077	-0.10077	-0.10077	
372	6.2012e-002	-8.4257e-002	-8.4257e-002	-8.4257e-002	
373	6.2179e-002	-6.9784e-002	-6.9784e-002	-6.9784e-002	
374	6.2346e-002	-5.9429e-002	-5.9429e-002	-5.9429e-002	
375	6.2512e-002	-5.4524e-002	-5.4524e-002	-5.4524e-002	
376	6.2679e-002	-5.5492e-002	-5.5492e-002	-5.5492e-002	
377	6.2846e-002	-6.1847e-002	-6.1847e-002	-6.1847e-002	
378	6.3013e-002	-7.2337e-002	-7.2337e-002	-7.2337e-002	
379	6.3179e-002	-8.5204e-002	-8.5204e-002	-8.5204e-002	
380	6.3346e-002	-9.8503e-002	-9.8503e-002	-9.8503e-002	
381	6.3513e-002	-0.11043	-0.11043	-0.11043	
382	6.3679e-002	-0.1196	-0.1196	-0.1196	
383	6.3846e-002	-0.12519	-0.12519	-0.12519	
384	6.4013e-002	-0.12705	-0.12705	-0.12705	
385	6.4179e-002	-0.12563	-0.12563	-0.12563	
386	6.4346e-002	-0.12183	-0.12183	-0.12183	
387	6.4513e-002	-0.11678	-0.11678	-0.11678	
388	6.468e-002	-0.11162	-0.11162	-0.11162	
389	6.4846e-002	-0.1073	-0.1073	-0.1073	
390	6.5013e-002	-0.10441	-0.10441	-0.10441	
391	6.518e-002	-0.10311	-0.10311	-0.10311	
392	6.5346e-002	-0.10317	-0.10317	-0.10317	
393	6.5513e-002	-0.10409	-0.10409	-0.10409	
394	6.568e-002	-0.10526	-0.10526	-0.10526	
395	6.5846e-002	-0.10613	-0.10613	-0.10613	
396	6.6013e-002	-0.10638	-0.10638	-0.10638	
397	6.618e-002	-0.10601	-0.10601	-0.10601	
398	6.6347e-002	-0.10535	-0.10535	-0.10535	
399	6.6513e-002	-0.105	-0.105	-0.105	
400	6.668e-002	-0.10566	-0.10566	-0.10566	
401	6.6847e-002	-0.10797	-0.10797	-0.10797	
402	6.7013e-002	-0.11236	-0.11236	-0.11236	
403	6.718e-002	-0.11882	-0.11882	-0.11882	
404	6.7347e-002	-0.12693	-0.12693	-0.12693	
405	6.7513e-002	-0.13578	-0.13578	-0.13578	
406	6.768e-002	-0.14414	-0.14414	-0.14414	
407	6.7847e-002	-0.15062	-0.15062	-0.15062	
408	6.8014e-002	-0.15392	-0.15392	-0.15392	
409	6.818e-002	-0.15311	-0.15311	-0.15311	
410	6.8347e-002	-0.14786	-0.14786	-0.14786	
411	6.8514e-002	-0.13855	-0.13855	-0.13855	
412	6.868e-002	-0.1263	-0.1263	-0.1263	
413	6.8847e-002	-0.11285	-0.11285	-0.11285	
414	6.9014e-002	-0.10032	-0.10032	-0.10032	
415	6.918e-002	-9.0883e-002	-9.0883e-002	-9.0883e-002	
416	6.9347e-002	-8.6414e-002	-8.6414e-002	-8.6414e-002	
417	6.9514e-002	-8.8151e-002	-8.8151e-002	-8.8151e-002	
418	6.9681e-002	-9.6449e-002	-9.6449e-002	-9.6449e-002	
419	6.9847e-002	-0.11066	-0.11066	-0.11066	
420	7.0014e-002	-0.12915	-0.12915	-0.12915	
421	7.0181e-002	-0.14954	-0.14954	-0.14954	
422	7.0347e-002	-0.16897	-0.16897	-0.16897	
423	7.0514e-002	-0.18458	-0.18458	-0.18458	
424	7.0681e-002	-0.19394	-0.19394	-0.19394	
425	7.0847e-002	-0.19547	-0.19547	-0.19547	
426	7.1014e-002	-0.18869	-0.18869	-0.18869	
427	7.1181e-002	-0.17438	-0.17438	-0.17438	
428	7.1348e-002	-0.15451	-0.15451	-0.15451	
429	7.1514e-002	-0.13194	-0.13194	-0.13194	
430	7.1681e-002	-0.11006	-0.11006	-0.11006	
431	7.1848e-002	-9.2241e-002	-9.2241e-002	-9.2241e-002	
432	7.2014e-002	-8.1364e-002	-8.1364e-002	-8.1364e-002	
433	7.2181e-002	-7.933e-002	-7.933e-002	-7.933e-002	
434	7.2348e-002	-8.6763e-002	-8.6763e-002	-8.6763e-002	
435	7.2514e-002	-0.10288	-0.10288	-0.10288	
436	7.2681e-002	-0.12559	-0.12559	-0.12559	
437	7.2848e-002	-0.15174	-0.15174	-0.15174	
438	7.3015e-002	-0.17764	-0.17764	-0.17764	
439	7.3181e-002	-0.19958	-0.19958	-0.19958	
440	7.3348e-002	-0.21438	-0.21438	-0.21438	
441	7.3515e-002	-0.21991	-0.21991	-0.21991	
442	7.3681e-002	-0.21544	-0.21544	-0.21544	
443	7.3848e-002	-0.20169	-0.20169	-0.20169	
444	7.4015e-002	-0.18079	-0.18079	-0.18079	
445	7.4181e-002	-0.15593	-0.15593	-0.15593	
446	7.4348e-002	-0.13087	-0.13087	-0.13087	
447	7.4515e-002	-0.1094	-0.1094	-0.1094	
448	7.4682e-002	-9.4752e-002	-9.4752e-002	-9.4752e-002	
449	7.4848e-002	-8.9127e-002	-8.9127e-002	-8.9127e-002	
450	7.5015e-002	-9.3356e-002	-9.3356e-002	-9.3356e-002	
451	7.5182e-002	-0.10679	-0.10679	-0.10679	
452	7.5348e-002	-0.12742	-0.12742	-0.12742	
453	7.5515e-002	-0.15219	-0.15219	-0.15219	
454	7.5682e-002	-0.17745	-0.17745	-0.17745	
455	7.5848e-002	-0.19957	-0.19957	-0.19957	
456	7.6015e-002	-0.21545	-0.21545	-0.21545	
457	7.6182e-002	-0.223	-0.223	-0.223	
458	7.6349e-002	-0.22142	-0.22142	-0.22142	
459	7.6515e-002	-0.21133	-0.21133	-0.21133	
460	7.6682e-002	-0.19458	-0.19458	-0.19458	
461	7.6849e-002	-0.17399	-0.17399	-0.17399	
462	7.7015e-002	-0.15287	-0.15287	-0.15287	
463	7.7182e-002	-0.13447	-0.13447	-0.13447	
464	7.7349e-002	-0.12155	-0.12155	-0.12155	
465	7.7515e-002	-0.1159	-0.1159	-0.1159	
466	7.7682e-002	-0.11814	-0.11814	-0.11814	
467	7.7849e-002	-0.12765	-0.12765	-0.12765	
468	7.8016e-002	-0.1427	-0.1427	-0.1427	
469	7.8182e-002	-0.16079	-0.16079	-0.16079	
470	7.8349e-002	-0.17906	-0.17906	-0.17906	
471	7.8516e-002	-0.19478	-0.19478	-0.19478	
472	7.8682e-002	-0.20575	-0.20575	-0.20575	
473	7.8849e-002	-0.21066	-0.21066	-0.21066	
474	7.9016e-002	-0.20921	-0.20921	-0.20921	
475	7.9182e-002	-0.20218	-0.20218	-0.20218	
476	7.9349e-002	-0.19116	-0.19116	-0.19116	
477	7.9516e-002	-0.17834	-0.17834	-0.17834	
478	7.9683e-002	-0.16604	-0.16604	-0.16604	
479	7.9849e-002	-0.15636	-0.15636	-0.15636	
480	8.0016e-002	-0.15083	-0.15083	-0.15083	
481	8.0183e-002	-0.15015	-0.15015	-0.15015	
482	8.0349e-002	-0.15416	-0.15416	-0.15416	
483	8.0516e-002	-0.16185	-0.16185	-0.16185	
484	8.0683e-002	-0.17162	-0.17162	-0.17162	
485	8.0849e-002	-0.18158	-0.18158	-0.18158	
486	8.1016e-002	-0.18991	-0.18991	-0.18991	
487	8.1183e-002	-0.19519	-0.19519	-0.19519	
488	8.135e-002	-0.19665	-0.19665	-0.19665	
489	8.1516e-002	-0.19429	-0.19429	-0.19429	
490	8.1683e-002	-0.18886	-0.18886	-0.18886	
491	8.185e-002	-0.18171	-0.18171	-0.18171	
492	8.2016e-002	-0.1745	-0.1745	-0.1745	
493	8.2183e-002	-0.1689	-0.1689	-0.1689	
494	8.235e-002	-0.16625	-0.16625	-0.16625	
495	8.2516e-002	-0.16734	-0.16734	-0.16734	
496	8.2683e-002	-0.17217	-0.17217	-0.17217	
497	8.285e-002	-0.18003	-0.18003	-0.18003	
498	8.3017e-002	-0.18953	-0.18953	-0.18953	
499	8.3183e-002	-0.19893	-0.19893	-0.19893	
500	8.335e-002	-0.20641	-0.20641	-0.20641	
501	8.3517e-002	-0.2104	-0.2104	-0.2104	
502	8.3683e-002	-0.20995	-0.20995	-0.20995	
503	8.385e-002	-0.20488	-0.20488	-0.20488	
504	8.4017e-002	-0.19584	-0.19584	-0.19584	
505	8.4183e-002	-0.18427	-0.18427	-0.18427	
506	8.435e-002	-0.17214	-0.17214	-0.17214	
507	8.4517e-002	-0.16164	-0.16164	-0.16164	
508	8.4684e-002	-0.15481	-0.15481	-0.15481	
509	8.485e-002	-0.15313	-0.15313	-0.15313	
510	8.5017e-002	-0.15732	-0.15732	-0.15732	
511	8.5184e-002	-0.1671	-0.1671	-0.1671	
512	8.535e-002	-0.18123	-0.18123	-0.18123	
513	8.5517e-002	-0.19768	-0.19768	-0.19768	
514	8.5684e-002	-0.21392	-0.21392	-0.21392	
515	8.585e-002	-0.22735	-0.22735	-0.22735	
516	8.6017e-002	-0.2357	-0.2357	-0.2357	
517	8.6184e-002	-0.23747	-0.23747	-0.23747	
518	8.6351e-002	-0.23213	-0.23213	-0.23213	
519	8.6517e-002	-0.2203	-0.2203	-0.2203	
520	8.6684e-002	-0.20366	-0.20366	-0.20366	
521	8.6851e-002	-0.1847	-0.1847	-0.1847	
522	8.7017e-002	-0.16636	-0.16636	-0.16636	
523	8.7184e-002	-0.15156	-0.15156	-0.15156	
524	8.7351e-002	-0.14276	-0.14276	-0.14276	
525	8.7517e-002	-0.14151	-0.14151	-0.14151	
526	8.7684e-002	-0.14824	-0.14824	-0.14824	
527	8.7851e-002	-0.16213	-0.16213	-0.16213	
528	8.8018e-002	-0.18124	-0.18124	-0.18124	
529	8.8184e-002	-0.20278	-0.20278	-0.20278	
530	8.8351e-002	-0.22354	-0.22354	-0.22354	
531	8.8518e-002	-0.24038	-0.24038	-0.24038	
532	8.8684e-002	-0.25075	-0.25075	-0.25075	
533	8.8851e-002	-0.25303	-0.25303	-0.25303	
534	8.9018e-002	-0.24686	-0.24686	-0.24686	
535	8.9184e-002	-0.23316	-0.23316	-0.23316	
536	8.9351e-002	-0.214	-0.214	-0.214	
537	8.9518e-002	-0.19228	-0.19228	-0.19228	
538	8.9685e-002	-0.17133	-0.17133	-0.17133	
539	8.9851e-002	-0.15431	-0.15431	-0.15431	
540	9.0018e-002	-0.14381	-0.14381	-0.14381	
541	9.0185e-002	-0.14142	-0.14142	-0.14142	
542	9.0351e-002	-0.14745	-0.14745	-0.14745	
543	9.0518e-002	-0.16097	-0.16097	-0.16097	
544	9.0685e-002	-0.17989	-0.17989	-0.17989	
545	9.0851e-002	-0.20133	-0.20133	-0.20133	
546	9.1018e-002	-0.22206	-0.22206	-0.22206	
547	9.1185e-002	-0.23902	-0.23902	-0.23902	
548	9.1352e-002	-0.24974	-0.24974	-0.24974	
549	9.1518e-002	-0.25276	-0.25276	-0.25276	
550	9.1685e-002	-0.24782	-0.24782	-0.24782	
551	9.1852e-002	-0.23584	-0.23584	-0.23584	
552	9.2018e-002	-0.21882	-0.21882	-0.21882	
553	9.2185e-002	-0.19947	-0.19947	-0.19947	
554	9.2352e-002	-0.18078	-0.18078	-0.18078	
555	9.2518e-002	-0.16557	-0.16557	-0.16557	
556	9.2685e-002	-0.15605	-0.15605	-0.15605	
557	9.2852e-002	-0.15349	-0.15349	-0.15349	
558	9.3019e-002	-0.15805	-0.15805	-0.15805	
559	9.3185e-002	-0.1688	-0.1688	-0.1688	
560	9.3352e-002	-0.18388	-0.18388	-0.18388	
561	9.3519e-002	-0.20083	-0.20083	-0.20083	
562	9.3685e-002	-0.21699	-0.21699	-0.21699	
563	9.3852e-002	-0.22992	-0.22992	-0.22992	
564	9.4019e-002	-0.2378	-0.2378	-0.2378	
565	9.4185e-002	-0.23964	-0.23964	-0.23964	
566	9.4352e-002	-0.23546	-0.23546	-0.23546	
567	9.4519e-002	-0.22623	-0.22623	-0.22623	
568	9.4686e-002	-0.21364	-0.21364	-0.21364	
569	9.4852e-002	-0.19986	-0.19986	-0.19986	
570	9.5019e-002	-0.18713	-0.18713	-0.18713	
571	9.5186e-002	-0.17743	-0.17743	-0.17743	
572	9.5352e-002	-0.17213	-0.17213	-0.17213	
573	9.5519e-002	-0.17183	-0.17183	-0.17183	
574	9.5686e-002	-0.17627	-0.17627	-0.17627	
575	9.5852e-002	-0.18445	-0.18445	-0.18445	
576	9.6019e-002	-0.19478	-0.19478	-0.19478	
577	9.6186e-002	-0.20541	-0.20541	-0.20541	
578	9.6353e-002	-0.21453	-0.21453	-0.21453	
579	9.6519e-002	-0.22069	-0.22069	-0.22069	
580	9.6686e-002	-0.22301	-0.22301	-0.22301	
581	9.6853e-002	-0.22131	-0.22131	-0.22131	
582	9.7019e-002	-0.21612	-0.21612	-0.21612	
583	9.7186e-002	-0.20855	-0.20855	-0.20855	
584	9.7353e-002	-0.20007	-0.20007	-0.20007	
585	9.7519e-002	-0.19225	-0.19225	-0.19225	
586	9.7686e-002	-0.18648	-0.18648	-0.18648	
587	9.7853e-002	-0.18373	-0.18373	-0.18373	
588	9.802e-002	-0.18436	-0.18436	-0.18436	
589	9.8186e-002	-0.18813	-0.18813	-0.18813	
590	9.8353e-002	-0.1942	-0.1942	-0.1942	
591	9.852e-002	-0.20136	-0.20136	-0.20136	
592	9.8686e-002	-0.20818	-0.20818	-0.20818	
593	9.8853e-002	-0.21334	-0.21334	-0.21334	
594	9.902e-002	-0.21585	-0.21585	-0.21585	
595	9.9186e-002	-0.2152	-0.2152	-0.2152	
596	9.9353e-002	-0.21148	-0.21148	-0.21148	
597	9.952e-002	-0.20534	-0.20534	-0.20534	
598	9.9687e-002	-0.19789	-0.19789	-0.19789	
599	9.9853e-002	-0.19046	-0.19046	-0.19046	
600	0.10002	-0.18441	-0.18441	-0.18441	
601	0.10019	-0.18086	-0.18086	-0.18086	
602	0.10035	-0.18048	-0.18048	-0.18048	
603	0.10052	-0.1834	-0.1834	-0.1834	
604	0.10069	-0.18913	-0.18913	-0.18913	
605	0.10085	-0.1967	-0.1967	-0.1967	
606	0.10102	-0.20479	-0.20479	-0.20479	
607	0.10119	-0.21196	-0.21196	-0.21196	
608	0.10135	-0.21692	-0.21692	-0.21692	
609	0.10152	-0.21872	-0.21872	-0.21872	
610	0.10169	-0.21696	-0.21696	-0.21696	
611	0.10185	-0.21182	-0.21182	-0.21182	
612	0.10202	-0.20408	-0.20408	-0.20408	
613	0.10219	-0.19493	-0.19493	-0.19493	
614	0.10235	-0.18584	-0.18584	-0.18584	
615	0.10252	-0.17827	-0.17827	-0.17827	
616	0.10269	-0.17345	-0.17345	-0.17345	
617	0.10285	-0.17213	-0.17213	-0.17213	
618	0.10302	-0.17452	-0.17452	-0.17452	
619	0.10319	-0.1802	-0.1802	-0.1802	
620	0.10335	-0.1882	-0.1882	-0.1882	
621	0.10352	-0.19719	-0.19719	-0.19719	
622	0.10369	-0.20567	-0.20567	-0.20567	
623	0.10385	-0.21223	-0.21223	-0.21223	
624	0.10402	-0.2158	-0.2158	-0.2158	
625	0.10419	-0.21579	-0.21579	-0.21579	
626	0.10435	-0.21219	-0.21219	-0.21219	
627	0.10452	-0.20559	-0.20559	-0.20559	
628	0.10469	-0.19704	-0.19704	-0.19704	
629	0.10485	-0.1879	-0.1879	-0.1879	
630	0.10502	-0.17959	-0.17959	-0.17959	
631	0.10519	-0.17337	-0.17337	-0.17337	
632	0.10535	-0.17013	-0.17013	-0.17013	
633	0.10552	-0.17024	-0.17024	-0.17024	
634	0.10569	-0.17353	-0.17353	-0.17353	
635	0.10585	-0.17929	-0.17929	-0.17929	
636	0.10602	-0.18643	-0.18643	-0.18643	
637	0.10619	-0.19366	-0.19366	-0.19366	
638	0.10635	-0.19973	-0.19973	-0.19973	
639	0.10652	-0.20361	-0.20361	-0.20361	
640	0.10669	-0.20469	-0.20469	-0.20469	
641	0.10685	-0.20285	-0.20285	-0.20285	
642	0.10702	-0.19846	-0.19846	-0.19846	
643	0.10719	-0.19235	-0.19235	-0.19235	
644	0.10735	-0.18558	-0.18558	-0.18558	
645	0.10752	-0.1793	-0.1793	-0.1793	
646	0.10769	-0.17453	-0.17453	-0.17453	
647	0.10785	-0.172	-0.172	-0.172	
648	0.10802	-0.17197	-0.17197	-0.17197	
649	0.10819	-0.17426	-0.17426	-0.17426	
650	0.10835	-0.17827	-0.17827	-0.17827	
651	0.10852	-0.18308	-0.18308	-0.18308	
652	0.10869	-0.18764	-0.18764	-0.18764	
653	0.10886	-0.19098	-0.19098	-0.19098	
654	0.10902	-0.19236	-0.19236	-0.19236	
655	0.10919	-0.19142	-0.19142	-0.19142	
656	0.10936	-0.18827	-0.18827	-0.18827	
657	0.10952	-0.18341	-0.18341	-0.18341	
658	0.10969	-0.1777	-0.1777	-0.1777	
659	0.10986	-0.17219	-0.17219	-0.17219	
660	0.11002	-0.16788	-0.16788	-0.16788	
661	0.11019	-0.1656	-0.1656	-0.1656	
662	0.11036	-0.1658	-0.1658	-0.1658	
663	0.11052	-0.16845	-0.16845	-0.16845	
664	0.11069	-0.17309	-0.17309	-0.17309	
665	0.11086	-0.17883	-0.17883	-0.17883	
666	0.11102	-0.18456	-0.18456	-0.18456	
667	0.11119	-0.18909	-0.18909	-0.18909	
668	0.11136	-0.19141	-0.19141	-0.19141	
669	0.11152	-0.19085	-0.19085	-0.19085	
670	0.11169	-0.18723	-0.18723	-0.18723	
671	0.11186	-0.1809	-0.1809	-0.1809	
672	0.11202	-0.17271	-0.17271	-0.17271	
673	0.11219	-0.16389	-0.16389	-0.16389	
674	0.11236	-0.1558	-0.1558	-0.1558	
675	0.11252	-0.14977	-0.14977	-0.14977	
676	0.11269	-0.14683	-0.14683	-0.14683	
677	0.11286	-0.14755	-0.14755	-0.14755	
678	0.11302	-0.15188	-0.15188	-0.15188	
679	0.11319	-0.15919	-0.15919	-0.15919	
680	0.11336	-0.16833	-0.16833	-0.16833	
681	0.11352	-0.17779	-0.17779	-0.17779	
682	0.11369	-0.18596	-0.18596	-0.18596	
683	0.11386	-0.19139	-0.19139	-0.19139	
684	0.11402	-0.19301	-0.19301	-0.19301	
685	0.11419	-0.19034	-0.19034	-0.19034	
686	0.11436	-0.18356	-0.18356	-0.18356	
687	0.11452	-0.17351	-0.17351	-0.17351	
688	0.11469	-0.16158	-0.16158	-0.16158	
689	0.11486	-0.14946	-0.14946	-0.14946	
690	0.11502	-0.13893	-0.13893	-0.13893	
691	0.11519	-0.13155	-0.13155	-0.13155	
692	0.11536	-0.1284	-0.1284	-0.1284	
693	0.11552	-0.12993	-0.12993	-0.12993	
694	0.11569	-0.13588	-0.13588	-0.13588	
695	0.11586	-0.14527	-0.14527	-0.14527	
696	0.11602	-0.15662	-0.15662	-0.15662	
697	0.11619	-0.1681	-0.1681	-0.1681	
698	0.11636	-0.17789	-0.17789	-0.17789	
699	0.11652	-0.18439	-0.18439	-0.18439	
700	0.11669	-0.18652	-0.18652	-0.18652	
701	0.11686	-0.18387	-0.18387	-0.18387	
702	0.11702	-0.17674	-0.17674	-0.17674	
703	0.11719	-0.16613	-0.16613	-0.16613	
704	0.11736	-0.15354	-0.15354	-0.15354	
705	0.11752	-0.14076	-0.14076	-0.14076	
706	0.11769	-0.1296	-0.1296	-0.1296	
707	0.11786	-0.12159	-0.12159	-0.12159	
708	0.11802	-0.11774	-0.11774	-0.11774	
709	0.11819	-0.11843	-0.11843	-0.11843	
710	0.11836	-0.12336	-0.12336	-0.12336	
711	0.11852	-0.13156	-0.13156	-0.13156	
712	0.11869	-0.14161	-0.14161	-0.14161	
713	0.11886	-0.15185	-0.15185	-0.15185	
714	0.11902	-0.16063	-0.16063	-0.16063	
715	0.11919	-0.1666	-0.1666	-0.1666	
716	0.11936	-0.16885	-0.16885	-0.16885	
717	0.11952	-0.16709	-0.16709	-0.16709	
718	0.11969	-0.16164	-0.16164	-0.16164	
719	0.11986	-0.15339	-0.15339	-0.15339	
720	0.12002	-0.1436	-0.1436	-0.1436	
721	0.12019	-0.13369	-0.13369	-0.13369	
722	0.12036	-0.12505	-0.12505	-0.12505	
723	0.12052	-0.11879	-0.11879	-0.11879	
724	0.12069	-0.11557	-0.11557	-0.11557	
725	0.12086	-0.11555	-0.11555	-0.11555	
726	0.12102	-0.11836	-0.11836	-0.11836	
727	0.12119	-0.12321	-0.12321	-0.12321	
728	0.12136	-0.12906	-0.12906	-0.12906	
729	0.12152	-0.13475	-0.13475	-0.13475	
730	0.12169	-0.13927	-0.13927	-0.13927	
731	0.12186	-0.14186	-0.14186	-0.14186	
732	0.12202	-0.14216	-0.14216	-0.14216	
733	0.12219	-0.14023	-0.14023	-0.14023	
734	0.12236	-0.13652	-0.13652	-0.13652	
735	0.12252	-0.13173	-0.13173	-0.13173	
736	0.12269	-0.12673	-0.12673	-0.12673	
737	0.12286	-0.12232	-0.12232	-0.12232	
738	0.12302	-0.11912	-0.11912	-0.11912	
739	0.12319	-0.11748	-0.11748	-0.11748	
740	0.12336	-0.11737	-0.11737	-0.11737	
741	0.12352	-0.11847	-0.11847	-0.11847	
742	0.12369	-0.12018	-0.12018	-0.12018	
743	0.12386	-0.1218	-0.1218	-0.1218	
744	0.12402	-0.12267	-0.12267	-0.12267	
745	0.12419	-0.12229	-0.12229	-0.12229	
746	0.12436	-0.12044	-0.12044	-0.12044	
747	0.12452	-0.11724	-0.11724	-0.11724	
748	0.12469	-0.11312	-0.11312	-0.11312	
749	0.12486	-0.10875	-0.10875	-0.10875	
750	0.12502	-0.10492	-0.10492	-0.10492	
751	0.12519	-0.10237	-0.10237	-0.10237	
752	0.12536	-0.10165	-0.10165	-0.10165	
753	0.12553	-0.10297	-0.10297	-0.10297	
754	0.12569	-0.10617	-0.10617	-0.10617	
755	0.12586	-0.11072	-0.11072	-0.11072	
756	0.12603	-0.11576	-0.11576	-0.11576	
757	0.12619	-0.12025	-0.12025	-0.12025	
758	0.12636	-0.12317	-0.12317	-0.12317	
759	0.12653	-0.12368	-0.12368	-0.12368	
760	0.12669	-0.12129	-0.12129	-0.12129	
761	0.12686	-0.11596	-0.11596	-0.11596	
762	0.12703	-0.10817	-0.10817	-0.10817	
763	0.12719	-9.8821e-002	-9.8821e-002	-9.8821e-002	
764	0.12736	-8.9156e-002	-8.9156e-002	-8.9156e-002	
765	0.12753	-8.0549e-002	-8.0549e-002	-8.0549e-002	
766	0.12769	-7.4291e-002	-7.4291e-002	-7.4291e-002	
767	0.12786	-7.1371e-002	-7.1371e-002	-7.1371e-002	
768	0.12803	-7.2304e-002	-7.2304e-002	-7.2304e-002	
769	0.12819	-7.702e-002	-7.702e-002	-7.702e-002	
770	0.12836	-8.4851e-002	-8.4851e-002	-8.4851e-002	
771	0.12853	-9.4607e-002	-9.4607e-002	-9.4607e-002	
772	0.12869	-0.10474	-0.10474	-0.10474	
773	0.12886	-0.11359	-0.11359	-0.11359	
774	0.12903	-0.11962	-0.11962	-0.11962	
775	0.12919	-0.12167	-0.12167	-0.12167	
776	0.12936	-0.11913	-0.11913	-0.11913	
777	0.12953	-0.11209	-0.11209	-0.11209	
778	0.12969	-0.10132	-0.10132	-0.10132	
779	0.12986	-8.8139e-002	-8.8139e-002	-8.8139e-002	
780	0.13003	-7.4291e-002	-7.4291e-002	-7.4291e-002	
781	0.13019	-6.1644e-002	-6.1644e-002	-6.1644e-002	
782	0.13036	-5.1925e-002	-5.1925e-002	-5.1925e-002	
783	0.13053	-4.6457e-002	-4.6457e-002	-4.6457e-002	
784	0.13069	-4.5956e-002	-4.5956e-002	-4.5956e-002	
785	0.13086	-5.0418e-002	-5.0418e-002	-5.0418e-002	
786	0.13103	-5.9107e-002	-5.9107e-002	-5.9107e-002	
787	0.13119	-7.0665e-002	-7.0665e-002	-7.0665e-002	
788	0.13136	-8.3305e-002	-8.3305e-002	-8.3305e-002	
789	0.13153	-9.5074e-002	-9.5074e-002	-9.5074e-002	
790	0.13169	-0.10414	-0.10414	-0.10414	
791	0.13186	-0.10907	-0.10907	-0.10907	
792	0.13203	-0.10901	-0.10901	-0.10901	
793	0.13219	-0.10386	-0.10386	-0.10386	
794	0.13236	-9.4209e-002	-9.4209e-002	-9.4209e-002	
795	0.13253	-8.1323e-002	-8.1323e-002	-8.1323e-002	
796	0.13269	-6.6897e-002	-6.6897e-002	-6.6897e-002	
797	0.13286	-5.283e-002	-5.283e-002	-5.283e-002	
798	0.13303	-4.094e-002	-4.094e-002	-4.094e-002	
799	0.13319	-3.2706e-002	-3.2706e-002	-3.2706e-002	
800	0.13336	-2.9061e-002	-2.9061e-002	-2.9061e-002	
801	0.13353	-3.0271e-002	-3.0271e-002	-3.0271e-002	
802	0.13369	-3.5914e-002	-3.5914e-002	-3.5914e-002	
803	0.13386	-4.4957e-002	-4.4957e-002	-4.4957e-002	
804	0.13403	-5.5919e-002	-5.5919e-002	-5.5919e-002	
805	0.13419	-6.7098e-002	-6.7098e-002	-6.7098e-002	
806	0.13436	-7.6818e-002	-7.6818e-002	-7.6818e-002	
807	0.13453	-8.3664e-002	-8.3664e-002	-8.3664e-002	
808	0.13469	-8.6669e-002	-8.6669e-002	-8.6669e-002	
809	0.13486	-8.5434e-002	-8.5434e-002	-8.5434e-002	
810	0.13503	-8.0157e-002	-8.0157e-002	-8.0157e-002	
811	0.13519	-7.1579e-002	-7.1579e-002	-7.1579e-002	
812	0.13536	-6.0855e-002	-6.0855e-002	-6.0855e-002	
813	0.13553	-4.9368e-002	-4.9368e-002	-4.9368e-002	
814	0.13569	-3.8531e-002	-3.8531e-002	-3.8531e-002	
815	0.13586	-2.9587e-002	-2.9587e-002	-2.9587e-002	
816	0.13603	-2.345e-002	-2.345e-002	-2.345e-002	
817	0.13619	-2.0602e-002	-2.0602e-002	-2.0602e-002	
818	0.13636	-2.1061e-002	-2.1061e-002	-2.1061e-002	
819	0.13653	-2.4409e-002	-2.4409e-002	-2.4409e-002	
820	0.13669	-2.9887e-002	-2.9887e-002	-2.9887e-002	
821	0.13686	-3.6522e-002	-3.6522e-002	-3.6522e-002	
822	0.13703	-4.328e-002	-4.328e-002	-4.328e-002	
823	0.13719	-4.92e-002	-4.92e-002	-4.92e-002	
824	0.13736	-5.3517e-002	-5.3517e-002	-5.3517e-002	
825	0.13753	-5.5736e-002	-5.5736e-002	-5.5736e-002	
826	0.13769	-5.5667e-002	-5.5667e-002	-5.5667e-002	
827	0.13786	-5.3406e-002	-5.3406e-002	-5.3406e-002	
828	0.13803	-4.9292e-002	-4.9292e-002	-4.9292e-002	
829	0.13819	-4.3826e-002	-4.3826e-002	-4.3826e-002	
830	0.13836	-3.7595e-002	-3.7595e-002	-3.7595e-002	
831	0.13853	-3.1187e-002	-3.1187e-002	-3.1187e-002	
832	0.13869	-2.5129e-002	-2.5129e-002	-2.5129e-002	
833	0.13886	-1.9845e-002	-1.9845e-002	-1.9845e-002	
834	0.13903	-1.5638e-002	-1.5638e-002	-1.5638e-002	
835	0.13919	-1.2684e-002	-1.2684e-002	-1.2684e-002	
836	0.13936	-1.1049e-002	-1.1049e-002	-1.1049e-002	
837	0.13953	-1.071e-002	-1.071e-002	-1.071e-002	
838	0.13969	-1.1563e-002	-1.1563e-002	-1.1563e-002	
839	0.13986	-1.3447e-002	-1.3447e-002	-1.3447e-002	
840	0.14003	-1.6143e-002	-1.6143e-002	-1.6143e-002	
841	0.14019	-1.9375e-002	-1.9375e-002	-1.9375e-002	
842	0.14036	-2.2813e-002	-2.2813e-002	-2.2813e-002	
843	0.14053	-2.608e-002	-2.608e-002	-2.608e-002	
844	0.14069	-2.8765e-002	-2.8765e-002	-2.8765e-002	
845	0.14086	-3.0453e-002	-3.0453e-002	-3.0453e-002	
846	0.14103	-3.077e-002	-3.077e-002	-3.077e-002	
847	0.14119	-2.9439e-002	-2.9439e-002	-2.9439e-002	
848	0.14136	-2.6326e-002	-2.6326e-002	-2.6326e-002	
849	0.14153	-2.1491e-002	-2.1491e-002	-2.1491e-002	
850	0.14169	-1.5215e-002	-1.5215e-002	-1.5215e-002	
851	0.14186	-7.992e-003	-7.992e-003	-7.992e-003	
852	0.14203	-4.9475e-004	-4.9475e-004	-4.9475e-004	
853	0.1422	6.4951e-003	6.4951e-003	6.4951e-003	
854	0.14236	1.2185e-002	1.2185e-002	1.2185e-002	
855	0.14253	1.5881e-002	1.5881e-002	1.5881e-002	
856	0.1427	1.71e-002	1.71e-002	1.71e-002	
857	0.14286	1.5657e-002	1.5657e-002	1.5657e-002	
858	0.14303	1.1718e-002	1.1718e-002	1.1718e-002	
859	0.1432	5.8086e-003	5.8086e-003	5.8086e-003	
860	0.14336	-1.2378e-003	-1.2378e-003	-1.2378e-003	
861	0.14353	-8.3763e-003	-8.3763e-003	-8.3763e-003	
862	0.1437	-1.4488e-002	-1.4488e-002	-1.4488e-002	
863	0.14386	-1.8539e-002	-1.8539e-002	-1.8539e-002	
864	0.14403	-1.9732e-002	-1.9732e-002	-1.9732e-002	
865	0.1442	-1.7637e-002	-1.7637e-002	-1.7637e-002	
866	0.14436	-1.2271e-002	-1.2271e-002	-1.2271e-002	
867	0.14453	-4.1158e-003	-4.1158e-003	-4.1158e-003	
868	0.1447	5.936e-003	5.936e-003	5.936e-003	
869	0.14486	1.6692e-002	1.6692e-002	1.6692e-002	
870	0.14503	2.6824e-002	2.6824e-002	2.6824e-002	
871	0.1452	3.506e-002	3.506e-002	3.506e-002	
872	0.14536	4.0365e-002	4.0365e-002	4.0365e-002	
873	0.14553	4.2104e-002	4.2104e-002	4.2104e-002	
874	0.1457	4.0137e-002	4.0137e-002	4.0137e-002	
875	0.14586	3.4853e-002	3.4853e-002	3.4853e-002	
876	0.14603	2.712e-002	2.712e-002	2.712e-002	
877	0.1462	1.8164e-002	1.8164e-002	1.8164e-002	
878	0.14636	9.3954e-003	9.3954e-003	9.3954e-003	
879	0.14653	2.2015e-003	2.2015e-003	2.2015e-003	
880	0.1467	-2.2531e-003	-2.2531e-003	-2.2531e-003	
881	0.14686	-3.1989e-003	-3.1989e-003	-3.1989e-003	
882	0.14703	-3.7326e-004	-3.7326e-004	-3.7326e-004	
883	0.1472	5.9431e-003	5.9431e-003	5.9431e-003	
884	0.14736	1.497e-002	1.497e-002	1.497e-002	
885	0.14753	2.5547e-002	2.5547e-002	2.5547e-002	
886	0.1477	3.6307e-002	3.6307e-002	3.6307e-002	
887	0.14786	4.5879e-002	4.5879e-002	4.5879e-002	
888	0.14803	5.3089e-002	5.3089e-002	5.3089e-002	
889	0.1482	5.7133e-002	5.7133e-002	5.7133e-002	
890	0.14836	5.7681e-002	5.7681e-002	5.7681e-002	
891	0.14853	5.4921e-002	5.4921e-002	5.4921e-002	
892	0.1487	4.9513e-002	4.9513e-002	4.9513e-002	
893	0.14886	4.2479e-002	4.2479e-002	4.2479e-002	
894	0.14903	3.5042e-002	3.5042e-002	3.5042e-002	
895	0.1492	2.8433e-002	2.8433e-002	2.8433e-002	
896	0.14936	2.371e-002	2.371e-002	2.371e-002	
897	0.14953	2.1606e-002	2.1606e-002	2.1606e-002	
898	0.1497	2.2432e-002	2.2432e-002	2.2432e-002	
899	0.14986	2.605e-002	2.605e-002	2.605e-002	
900	0.15003	3.1918e-002	3.1918e-002	3.1918e-002	
901	0.1502	3.9192e-002	3.9192e-002	3.9192e-002	
902	0.15036	4.6871e-002	4.6871e-002	4.6871e-002	
903	0.15053	5.3963e-002	5.3963e-002	5.3963e-002	
904	0.1507	5.9638e-002	5.9638e-002	5.9638e-002	
905	0.15086	6.3345e-002	6.3345e-002	6.3345e-002	
906	0.15103	6.4882e-002	6.4882e-002	6.4882e-002	
907	0.1512	6.44e-002	6.44e-002	6.44e-002	
908	0.15136	6.2352e-002	6.2352e-002	6.2352e-002	
909	0.15153	5.9396e-002	5.9396e-002	5.9396e-002	
910	0.1517	5.627e-002	5.627e-002	5.627e-002	
911	0.15186	5.3653e-002	5.3653e-002	5.3653e-002	
912	0.15203	5.2064e-002	5.2064e-002	5.2064e-002	
913	0.1522	5.1778e-002	5.1778e-002	5.1778e-002	
914	0.15236	5.2801e-002	5.2801e-002	5.2801e-002	
915	0.15253	5.4896e-002	5.4896e-002	5.4896e-002	
916	0.1527	5.765e-002	5.765e-002	5.765e-002	
917	0.15286	6.0568e-002	6.0568e-002	6.0568e-002	
918	0.15303	6.3185e-002	6.3185e-002	6.3185e-002	
919	0.1532	6.5161e-002	6.5161e-002	6.5161e-002	
920	0.15336	6.6347e-002	6.6347e-002	6.6347e-002	
921	0.15353	6.6809e-002	6.6809e-002	6.6809e-002	
922	0.1537	6.6809e-002	6.6809e-002	6.6809e-002	
923	0.15386	6.6741e-002	6.6741e-002	6.6741e-002	
924	0.15403	6.7038e-002	6.7038e-002	6.7038e-002	
925	0.1542	6.8073e-002	6.8073e-002	6.8073e-002	
926	0.15436	7.0062e-002	7.0062e-002	7.0062e-002	
927	0.15453	7.3006e-002	7.3006e-002	7.3006e-002	
928	0.1547	7.6667e-002	7.6667e-002	7.6667e-002	
929	0.15486	8.0602e-002	8.0602e-002	8.0602e-002	
930	0.15503	8.4233e-002	8.4233e-002	8.4233e-002	
931	0.1552	8.6957e-002	8.6957e-002	8.6957e-002	
932	0.15536	8.8266e-002	8.8266e-002	8.8266e-002	
933	0.15553	8.7858e-002	8.7858e-002	8.7858e-002	
934	0.1557	8.572e-002	8.572e-002	8.572e-002	
935	0.15586	8.216e-002	8.216e-002	8.216e-002	
936	0.15603	7.7781e-002	7.7781e-002	7.7781e-002	
937	0.1562	7.3401e-002	7.3401e-002	7.3401e-002	
938	0.15636	6.9927e-002	6.9927e-002	6.9927e-002	
939	0.15653	6.8201e-002	6.8201e-002	6.8201e-002	
940	0.1567	6.8847e-002	6.8847e-002	6.8847e-002	
941	0.15686	7.215e-002	7.215e-002	7.215e-002	
942	0.15703	7.7975e-002	7.7975e-002	7.7975e-002	
943	0.1572	8.5763e-002	8.5763e-002	8.5763e-002	
944	0.15736	9.4591e-002	9.4591e-002	9.4591e-002	
945	0.15753	0.1033	0.1033	0.1033	
946	0.1577	0.11068	0.11068	0.11068	
947	0.15786	0.11565	0.11565	0.11565	
948	0.15803	0.11743	0.11743	0.11743	
949	0.1582	0.11573	0.11573	0.11573	
950	0.15836	0.11077	0.11077	0.11077	
951	0.15853	0.10329	0.10329	0.10329	
952	0.1587	9.4465e-002	9.4465e-002	9.4465e-002	
953	0.15887	8.5733e-002	8.5733e-002	8.5733e-002	
954	0.15903	7.857e-002	7.857e-002	7.857e-002	
955	0.1592	7.4271e-002	7.4271e-002	7.4271e-002	
956	0.15937	7.3734e-002	7.3734e-002	7.3734e-002	
957	0.15953	7.7309e-002	7.7309e-002	7.7309e-002	
958	0.1597	8.4728e-002	8.4728e-002	8.4728e-002	
959	0.15987	9.5122e-002	9.5122e-002	9.5122e-002	
960	0.16003	0.10715	0.10715	0.10715	
961	0.1602	0.11917	0.11917	0.11917	
962	0.16037	0.12953	0.12953	0.12953	
963	0.16053	0.13677	0.13677	0.13677	
964	0.1607	0.13989	0.13989	0.13989	
965	0.16087	0.1385	0.1385	0.1385	
966	0.16103	0.13288	0.13288	0.13288	
967	0.1612	0.12396	0.12396	0.12396	
968	0.16137	0.11318	0.11318	0.11318	
969	0.16153	0.10228	0.10228	0.10228	
970	0.1617	9.3028e-002	9.3028e-002	9.3028e-002	
971	0.16187	8.6956e-002	8.6956e-002	8.6956e-002	
972	0.16203	8.5124e-002	8.5124e-002	8.5124e-002	
973	0.1622	8.7948e-002	8.7948e-002	8.7948e-002	
974	0.16237	9.5141e-002	9.5141e-002	9.5141e-002	
975	0.16253	0.10575	0.10575	0.10575	
976	0.1627	0.1183	0.1183	0.1183	
977	0.16287	0.13104	0.13104	0.13104	
978	0.16303	0.14217	0.14217	0.14217	
979	0.1632	0.15016	0.15016	0.15016	
980	0.16337	0.15397	0.15397	0.15397	
981	0.16353	0.1532	0.1532	0.1532	
982	0.1637	0.14813	0.14813	0.14813	
983	0.16387	0.13974	0.13974	0.13974	
984	0.16403	0.12947	0.12947	0.12947	
985	0.1642	0.11904	0.11904	0.11904	
986	0.16437	0.11017	0.11017	0.11017	
987	0.16453	0.10432	0.10432	0.10432	
988	0.1647	0.10244	0.10244	0.10244	
989	0.16487	0.10488	0.10488	0.10488	
990	0.16503	0.11129	0.11129	0.11129	
991	0.1652	0.12072	0.12072	0.12072	
992	0.16537	0.13178	0.13178	0.13178	
993	0.16553	0.14284	0.14284	0.14284	
994	0.1657	0.15232	0.15232	0.15232	
995	0.16587	0.1589	0.1589	0.1589	
996	0.16603	0.16176	0.16176	0.16176	
997	0.1662	0.16069	0.16069	0.16069	
998	0.16637	0.1561	0.1561	0.1561	
999	0.16653	0.14895	0.14895	0.14895	
1000	0.1667	0.14056	0.14056	0.14056	
1001	0.16687	0.13245	0.13245	0.13245	
1002	0.16703	0.12602	0.12602	0.12602	
1003	0.1672	0.12237	0.12237	0.12237	
1004	0.16737	0.12214	0.12214	0.12214	
1005	0.16753	0.12538	0.12538	0.12538	
1006	0.1677	0.13157	0.13157	0.13157	
1007	0.16787	0.13974	0.13974	0.13974	
1008	0.16803	0.1486	0.1486	0.1486	
1009	0.1682	0.15681	0.15681	0.15681	
1010	0.16837	0.16314	0.16314	0.16314	
1011	0.16853	0.16672	0.16672	0.16672	
1012	0.1687	0.16715	0.16715	0.16715	
1013	0.16887	0.16458	0.16458	0.16458	
1014	0.16903	0.15962	0.15962	0.15962	
1015	0.1692	0.15332	0.15332	0.15332	
1016	0.16937	0.14689	0.14689	0.14689	
1017	0.16953	0.14155	0.14155	0.14155	
1018	0.1697	0.13832	0.13832	0.13832	
1019	0.16987	0.13785	0.13785	0.13785	
1020	0.17003	0.14027	0.14027	0.14027	
1021	0.1702	0.14527	0.14527	0.14527	
1022	0.17037	0.15206	0.15206	0.15206	
1023	0.17053	0.15958	0.15958	0.15958	
1024	0.1707	0.16664	0.16664	0.16664	
1025	0.17087	0.17213	0.17213	0.17213	
1026	0.17103	0.17524	0.17524	0.17524	
1027	0.1712	0.17556	0.17556	0.17556	
1028	0.17137	0.17315	0.17315	0.17315	
1029	0.17153	0.16854	0.16854	0.16854	
1030	0.1717	0.16263	0.16263	0.16263	
1031	0.17187	0.15655	0.15655	0.15655	
1032	0.17203	0.15145	0.15145	0.15145	
1033	0.1722	0.1483	0.1483	0.1483	
1034	0.17237	0.14775	0.14775	0.14775	
1035	0.17253	0.15003	0.15003	0.15003	
1036	0.1727	0.15486	0.15486	0.15486	
1037	0.17287	0.16156	0.16156	0.16156	
1038	0.17303	0.1691	0.1691	0.1691	
1039	0.1732	0.17636	0.17636	0.17636	
1040	0.17337	0.18221	0.18221	0.18221	
1041	0.17353	0.18578	0.18578	0.18578	
1042	0.1737	0.18658	0.18658	0.18658	
1043	0.17387	0.18456	0.18456	0.18456	
1044	0.17403	0.18015	0.18015	0.18015	
1045	0.1742	0.17415	0.17415	0.17415	
1046	0.17437	0.16765	0.16765	0.16765	
1047	0.17453	0.16178	0.16178	0.16178	
1048	0.1747	0.15759	0.15759	0.15759	
1049	0.17487	0.15585	0.15585	0.15585	
1050	0.17503	0.15692	0.15692	0.15692	
1051	0.1752	0.1607	0.1607	0.1607	
1052	0.17537	0.16665	0.16665	0.16665	
1053	0.17554	0.17389	0.17389	0.17389	
1054	0.1757	0.18134	0.18134	0.18134	
1055	0.17587	0.18788	0.18788	0.18788	
1056	0.17604	0.19256	0.19256	0.19256	
1057	0.1762	0.19475	0.19475	0.19475	
1058	0.17637	0.19422	0.19422	0.19422	
1059	0.17654	0.19118	0.19118	0.19118	
1060	0.1767	0.18624	0.18624	0.18624	
1061	0.17687	0.18032	0.18032	0.18032	
1062	0.17704	0.17445	0.17445	0.17445	
1063	0.1772	0.16965	0.16965	0.16965	
1064	0.17737	0.16675	0.16675	0.16675	
1065	0.17754	0.16623	0.16623	0.16623	
1066	0.1777	0.16819	0.16819	0.16819	
1067	0.17787	0.1723	0.1723	0.1723	
1068	0.17804	0.17792	0.17792	0.17792	
1069	0.1782	0.18416	0.18416	0.18416	
1070	0.17837	0.19004	0.19004	0.19004	
1071	0.17854	0.19471	0.19471	0.19471	
1072	0.1787	0.19751	0.19751	0.19751	
1073	0.17887	0.19811	0.19811	0.19811	
1074	0.17904	0.19659	0.19659	0.19659	
1075	0.1792	0.19335	0.19335	0.19335	
1076	0.17937	0.18907	0.18907	0.18907	
1077	0.17954	0.18461	0.18461	0.18461	
1078	0.1797	0.18078	0.18078	0.18078	
1079	0.17987	0.17831	0.17831	0.17831	
1080	0.18004	0.17762	0.17762	0.17762	
1081	0.1802	0.17883	0.17883	0.17883	
1082	0.18037	0.18173	0.18173	0.18173	
1083	0.18054	0.18579	0.18579	0.18579	
1084	0.1807	0.1903	0.1903	0.1903	
1085	0.18087	0.1945	0.1945	0.1945	
1086	0.18104	0.19768	0.19768	0.19768	
1087	0.1812	0.19935	0.19935	0.19935	
1088	0.18137	0.1993	0.1993	0.1993	
1089	0.18154	0.19762	0.19762	0.19762	
1090	0.1817	0.19473	0.19473	0.19473	
1091	0.18187	0.19125	0.19125	0.19125	
1092	0.18204	0.18791	0.18791	0.18791	
1093	0.1822	0.18542	0.18542	0.18542	
1094	0.18237	0.18434	0.18434	0.18434	
1095	0.18254	0.18494	0.18494	0.18494	
1096	0.1827	0.18722	0.18722	0.18722	
1097	0.18287	0.19084	0.19084	0.19084	
1098	0.18304	0.19521	0.19521	0.19521	
1099	0.1832	0.19958	0.19958	0.19958	
1100	0.18337	0.20318	0.20318	0.20318	
1101	0.18354	0.20536	0.20536	0.20536	
1102	0.1837	0.20572	0.20572	0.20572	
1103	0.18387	0.20414	0.20414	0.20414	
1104	0.18404	0.20087	0.20087	0.20087	
1105	0.1842	0.19647	0.19647	0.19647	
1106	0.18437	0.1917	0.1917	0.1917	
1107	0.18454	0.18744	0.18744	0.18744	
1108	0.1847	0.18449	0.18449	0.18449	
1109	0.18487	0.18346	0.18346	0.18346	
1110	0.18504	0.18465	0.18465	0.18465	
1111	0.1852	0.18799	0.18799	0.18799	
1112	0.18537	0.19305	0.19305	0.19305	
1113	0.18554	0.1991	0.1991	0.1991	
1114	0.1857	0.20519	0.20519	0.20519	
1115	0.18587	0.21036	0.21036	0.21036	
1116	0.18604	0.21376	0.21376	0.21376	
1117	0.1862	0.2148	0.2148	0.2148	
1118	0.18637	0.21328	0.21328	0.21328	
1119	0.18654	0.20938	0.20938	0.20938	
1120	0.1867	0.20369	0.20369	0.20369	
1121	0.18687	0.19708	0.19708	0.19708	
1122	0.18704	0.19061	0.19061	0.19061	
1123	0.1872	0.18532	0.18532	0.18532	
1124	0.18737	0.18208	0.18208	0.18208	
1125	0.18754	0.18146	0.18146	0.18146	
1126	0.1877	0.18363	0.18363	0.18363	
1127	0.18787	0.1883	0.1883	0.1883	
1128	0.18804	0.19481	0.19481	0.19481	
1129	0.1882	0.20218	0.20218	0.20218	
1130	0.18837	0.2093	0.2093	0.2093	
1131	0.18854	0.21511	0.21511	0.21511	
1132	0.1887	0.21872	0.21872	0.21872	
1133	0.18887	0.21959	0.21959	0.21959	
1134	0.18904	0.2176	0.2176	0.2176	
1135	0.1892	0.21306	0.21306	0.21306	
1136	0.18937	0.2067	0.2067	0.2067	
1137	0.18954	0.19949	0.19949	0.19949	
1138	0.1897	0.19253	0.19253	0.19253	
1139	0.18987	0.18687	0.18687	0.18687	
1140	0.19004	0.18336	0.18336	0.18336	
1141	0.1902	0.1825	0.1825	0.1825	
1142	0.19037	0.18437	0.18437	0.18437	
1143	0.19054	0.18863	0.18863	0.18863	
1144	0.1907	0.19461	0.19461	0.19461	
1145	0.19087	0.20135	0.20135	0.20135	
1146	0.19104	0.20784	0.20784	0.20784	
1147	0.1912	0.21311	0.21311	0.21311	
1148	0.19137	0.2164	0.2164	0.2164	
1149	0.19154	0.21731	0.21731	0.21731	
1150	0.1917	0.21578	0.21578	0.21578	
1151	0.19187	0.21214	0.21214	0.21214	
1152	0.19204	0.20703	0.20703	0.20703	
1153	0.19221	0.20128	0.20128	0.20128	
1154	0.19237	0.19579	0.19579	0.19579	
1155	0.19254	0.19136	0.19136	0.19136	
1156	0.19271	0.18859	0.18859	0.18859	
1157	0.19287	0.18779	0.18779	0.18779	
1158	0.19304	0.18893	0.18893	0.18893	
1159	0.19321	0.1917	0.1917	0.1917	
1160	0.19337	0.19552	0.19552	0.19552	
1161	0.19354	0.19971	0.19971	0.19971	
1162	0.19371	0.20355	0.20355	0.20355	
1163	0.19387	0.20646	0.20646	0.20646	
1164	0.19404	0.20805	0.20805	0.20805	
1165	0.19421	0.20817	0.20817	0.20817	
1166	0.19437	0.20694	0.20694	0.20694	
1167	0.19454	0.20471	0.20471	0.20471	
1168	0.19471	0.20196	0.20196	0.20196	
1169	0.19487	0.19923	0.19923	0.19923	
1170	0.19504	0.19699	0.19699	0.19699	
1171	0.19521	0.19559	0.19559	0.19559	
1172	0.19537	0.19516	0.19516	0.19516	
1173	0.19554	0.19564	0.19564	0.19564	
1174	0.19571	0.19676	0.19676	0.19676	
1175	0.19587	0.19815	0.19815	0.19815	
1176	0.19604	0.19937	0.19937	0.19937	
1177	0.19621	0.20005	0.20005	0.20005	
1178	0.19637	0.19993	0.19993	0.19993	
1179	0.19654	0.19896	0.19896	0.19896	
1180	0.19671	0.19727	0.19727	0.19727	
1181	0.19687	0.19519	0.19519	0.19519	
1182	0.19704	0.19314	0.19314	0.19314	
1183	0.19721	0.1916	0.1916	0.1916	
1184	0.19737	0.19096	0.19096	0.19096	
1185	0.19754	0.19147	0.19147	0.19147	
1186	0.19771	0.19315	0.19315	0.19315	
1187	0.19787	0.1958	0.1958	0.1958	
1188	0.19804	0.19899	0.19899	0.19899	
1189	0.19821	0.20212	0.20212	0.20212	
1190	0.19837	0.20457	0.20457	0.20457	
1191	0.19854	0.20576	0.20576	0.20576	
1192	0.19871	0.20527	0.20527	0.20527	
1193	0.19887	0.20295	0.20295	0.20295	
1194	0.19904	0.19897	0.19897	0.19897	
1195	0.19921	0.19377	0.19377	0.19377	
1196	0.19937	0.18807	0.18807	0.18807	
1197	0.19954	0.18271	0.18271	0.18271	
1198	0.19971	0.17853	0.17853	0.17853	
1199	0.19987	0.17627	0.17627	0.17627	
1200	0.20004	0.17637	0.17637	0.17637	
1201	0.20021	0.17893	0.17893	0.17893	
1202	0.20037	0.18368	0.18368	0.18368	
1203	0.20054	0.18995	0.18995	0.18995	
1204	0.20071	0.19681	0.19681	0.19681	
1205	0.20087	0.20317	0.20317	0.20317	
1206	0.20104	0.20798	0.20798	0.20798	
1207	0.20121	0.21037	0.21037	0.21037	
1208	0.20137	0.2098	0.2098	0.2098	
1209	0.20154	0.20617	0.20617	0.20617	
1210	0.20171	0.19985	0.19985	0.19985	
1211	0.20187	0.19162	0.19162	0.19162	
1212	0.20204	0.1826	0.1826	0.1826	
1213	0.20221	0.17405	0.17405	0.17405	
1214	0.20237	0.16721	0.16721	0.16721	
1215	0.20254	0.16309	0.16309	0.16309	
1216	0.20271	0.16231	0.16231	0.16231	
1217	0.20287	0.16502	0.16502	0.16502	
1218	0.20304	0.17084	0.17084	0.17084	
1219	0.20321	0.17891	0.17891	0.17891	
1220	0.20337	0.18802	0.18802	0.18802	
1221	0.20354	0.19679	0.19679	0.19679	
1222	0.20371	0.20386	0.20386	0.20386	
1223	0.20387	0.20811	0.20811	0.20811	
1224	0.20404	0.20881	0.20881	0.20881	
1225	0.20421	0.20577	0.20577	0.20577	
1226	0.20437	0.19932	0.19932	0.19932	
1227	0.20454	0.19032	0.19032	0.19032	
1228	0.20471	0.17999	0.17999	0.17999	
1229	0.20487	0.16976	0.16976	0.16976	
1230	0.20504	0.16104	0.16104	0.16104	
1231	0.20521	0.15503	0.15503	0.15503	
1232	0.20537	0.15251	0.15251	0.15251	
1233	0.20554	0.15376	0.15376	0.15376	
1234	0.20571	0.15851	0.15851	0.15851	
1235	0.20587	0.16597	0.16597	0.16597	
1236	0.20604	0.17497	0.17497	0.17497	
1237	0.20621	0.18413	0.18413	0.18413	
1238	0.20637	0.19204	0.19204	0.19204	
1239	0.20654	0.19753	0.19753	0.19753	
1240	0.20671	0.19976	0.19976	0.19976	
1241	0.20687	0.1984	0.1984	0.1984	
1242	0.20704	0.19363	0.19363	0.19363	
1243	0.20721	0.18613	0.18613	0.18613	
1244	0.20737	0.17696	0.17696	0.17696	
1245	0.20754	0.16739	0.16739	0.16739	
1246	0.20771	0.1587	0.1587	0.1587	
1247	0.20787	0.15204	0.15204	0.15204	
1248	0.20804	0.14819	0.14819	0.14819	
1249	0.20821	0.14753	0.14753	0.14753	
1250	0.20837	0.14996	0.14996	0.14996	
1251	0.20854	0.15493	0.15493	0.15493	
1252	0.20871	0.16155	0.16155	0.16155	
1253	0.20888	0.16873	0.16873	0.16873	
1254	0.20904	0.17533	0.17533	0.17533	
1255	0.20921	0.18037	0.18037	0.18037	
1256	0.20938	0.18312	0.18312	0.18312	
1257	0.20954	0.18322	0.18322	0.18322	
1258	0.20971	0.18072	0.18072	0.18072	
1259	0.20988	0.17603	0.17603	0.17603	
1260	0.21004	0.16984	0.16984	0.16984	
1261	0.21021	0.16305	0.16305	0.16305	
1262	0.21038	0.15656	0.15656	0.15656	
1263	0.21054	0.15116	0.15116	0.15116	
1264	0.21071	0.14745	0.14745	0.14745	
1265	0.21088	0.14572	0.14572	0.14572	
1266	0.21104	0.14596	0.14596	0.14596	
1267	0.21121	0.14787	0.14787	0.14787	
1268	0.21138	0.15093	0.15093	0.15093	
1269	0.21154	0.15449	0.15449	0.15449	
1270	0.21171	0.15791	0.15791	0.15791	
1271	0.21188	0.16062	0.16062	0.16062	
1272	0.21204	0.16221	0.16221	0.16221	
1273	0.21221	0.1625	0.1625	0.1625	
1274	0.21238	0.16151	0.16151	0.16151	
1275	0.21254	0.15946	0.15946	0.15946	
1276	0.21271	0.15671	0.15671	0.15671	
1277	0.21288	0.15367	0.15367	0.15367	
1278	0.21304	0.15073	0.15073	0.15073	
1279	0.21321	0.14822	0.14822	0.14822	
1280	0.21338	0.1463	0.1463	0.1463	
1281	0.21354	0.14503	0.14503	0.14503	
1282	0.21371	0.14432	0.14432	0.14432	
1283	0.21388	0.14399	0.14399	0.14399	
1284	0.21404	0.1438	0.1438	0.1438	
1285	0.21421	0.14356	0.14356	0.14356	
1286	0.21438	0.14311	0.14311	0.14311	
1287	0.21454	0.14239	0.14239	0.14239	
1288	0.21471	0.14145	0.14145	0.14145	
1289	0.21488	0.1404	0.1404	0.1404	
1290	0.21504	0.13944	0.13944	0.13944	
1291	0.21521	0.13874	0.13874	0.13874	
1292	0.21538	0.13845	0.13845	0.13845	
1293	0.21554	0.13862	0.13862	0.13862	
1294	0.21571	0.1392	0.1392	0.1392	
1295	0.21588	0.14002	0.14002	0.14002	
1296	0.21604	0.14082	0.14082	0.14082	
1297	0.21621	0.14128	0.14128	0.14128	
1298	0.21638	0.14113	0.14113	0.14113	
1299	0.21654	0.14013	0.14013	0.14013	
1300	0.21671	0.13817	0.13817	0.13817	
1301	0.21688	0.13532	0.13532	0.13532	
1302	0.21704	0.13177	0.13177	0.13177	
1303	0.21721	0.12788	0.12788	0.12788	
1304	0.21738	0.12411	0.12411	0.12411	
1305	0.21754	0.1209	0.1209	0.1209	
1306	0.21771	0.11869	0.11869	0.11869	
1307	0.21788	0.11776	0.11776	0.11776	
1308	0.21804	0.11822	0.11822	0.11822	
1309	0.21821	0.11997	0.11997	0.11997	
1310	0.21838	0.12269	0.12269	0.12269	
1311	0.21854	0.12593	0.12593	0.12593	
1312	0.21871	0.12908	0.12908	0.12908	
1313	0.21888	0.13156	0.13156	0.13156	
1314	0.21904	0.13284	0.13284	0.13284	
1315	0.21921	0.13256	0.13256	0.13256	
1316	0.21938	0.13058	0.13058	0.13058	
1317	0.21954	0.12698	0.12698	0.12698	
1318	0.21971	0.12213	0.12213	0.12213	
1319	0.21988	0.11656	0.11656	0.11656	
1320	0.22004	0.11093	0.11093	0.11093	
1321	0.22021	0.10591	0.10591	0.10591	
1322	0.22038	0.10211	0.10211	0.10211	
1323	0.22054	9.995e-002	9.995e-002	9.995e-002	
1324	0.22071	9.9639e-002	9.9639e-002	9.9639e-002	
1325	0.22088	0.1011	0.1011	0.1011	
1326	0.22104	0.10402	0.10402	0.10402	
1327	0.22121	0.10785	0.10785	0.10785	
1328	0.22138	0.11192	0.11192	0.11192	
1329	0.22154	0.11554	0.11554	0.11554	
1330	0.22171	0.11806	0.11806	0.11806	
1331	0.22188	0.119	0.119	0.119	
1332	0.22204	0.11812	0.11812	0.11812	
1333	0.22221	0.11544	0.11544	0.11544	
1334	0.22238	0.1112	0.1112	0.1112	
1335	0.22254	0.1059	0.1059	0.1059	
1336	0.22271	0.10015	0.10015	0.10015	
1337	0.22288	9.4628e-002	9.4628e-002	9.4628e-002	
1338	0.22304	8.9951e-002	8.9951e-002	8.9951e-002	
1339	0.22321	8.6609e-002	8.6609e-002	8.6609e-002	
1340	0.22338	8.4893e-002	8.4893e-002	8.4893e-002	
1341	0.22354	8.4856e-002	8.4856e-002	8.4856e-002	
1342	0.22371	8.6321e-002	8.6321e-002	8.6321e-002	
1343	0.22388	8.8909e-002	8.8909e-002	8.8909e-002	
1344	0.22404	9.2098e-002	9.2098e-002	9.2098e-002	
1345	0.22421	9.531e-002	9.531e-002	9.531e-002	
1346	0.22438	9.7983e-002	9.7983e-002	9.7983e-002	
1347	0.22454	9.9656e-002	9.9656e-002	9.9656e-002	
1348	0.22471	0.10002	0.10002	0.10002	
1349	0.22488	9.897e-002	9.897e-002	9.897e-002	
1350	0.22504	9.6577e-002	9.6577e-002	9.6577e-002	
1351	0.22521	9.3096e-002	9.3096e-002	9.3096e-002	
1352	0.22538	8.8908e-002	8.8908e-002	8.8908e-002	
1353	0.22555	8.4463e-002	8.4463e-002	8.4463e-002	
1354	0.22571	8.0212e-002	8.0212e-002	8.0212e-002	
1355	0.22588	7.6552e-002	7.6552e-002	7.6552e-002	
1356	0.22605	7.3774e-002	7.3774e-002	7.3774e-002	
1357	0.22621	7.2037e-002	7.2037e-002	7.2037e-002	
1358	0.22638	7.1355e-002	7.1355e-002	7.1355e-002	
1359	0.22655	7.1612e-002	7.1612e-002	7.1612e-002	
1360	0.22671	7.2589e-002	7.2589e-002	7.2589e-002	
1361	0.22688	7.3999e-002	7.3999e-002	7.3999e-002	
1362	0.22705	7.553e-002	7.553e-002	7.553e-002	
1363	0.22721	7.6886e-002	7.6886e-002	7.6886e-002	
1364	0.22738	7.7821e-002	7.7821e-002	7.7821e-002	
1365	0.22755	7.8155e-002	7.8155e-002	7.8155e-002	
1366	0.22771	7.7792e-002	7.7792e-002	7.7792e-002	
1367	0.22788	7.6715e-002	7.6715e-002	7.6715e-002	
1368	0.22805	7.4978e-002	7.4978e-002	7.4978e-002	
1369	0.22821	7.2692e-002	7.2692e-002	7.2692e-002	
1370	0.22838	7.0006e-002	7.0006e-002	7.0006e-002	
1371	0.22855	6.7095e-002	6.7095e-002	6.7095e-002	
1372	0.22871	6.4137e-002	6.4137e-002	6.4137e-002	
1373	0.22888	6.1306e-002	6.1306e-002	6.1306e-002	
1374	0.22905	5.8762e-002	5.8762e-002	5.8762e-002	
1375	0.22921	5.6639e-002	5.6639e-002	5.6639e-002	
1376	0.22938	5.504e-002	5.504e-002	5.504e-002	
1377	0.22955	5.4026e-002	5.4026e-002	5.4026e-002	
1378	0.22971	5.3614e-002	5.3614e-002	5.3614e-002	
1379	0.22988	5.3764e-002	5.3764e-002	5.3764e-002	
1380	0.23005	5.4382e-002	5.4382e-002	5.4382e-002	
1381	0.23021	5.5317e-002	5.5317e-002	5.5317e-002	
1382	0.23038	5.6372e-002	5.6372e-002	5.6372e-002	
1383	0.23055	5.7316e-002	5.7316e-002	5.7316e-002	
1384	0.23071	5.7912e-002	5.7912e-002	5.7912e-002	
1385	0.23088	5.7938e-002	5.7938e-002	5.7938e-002	
1386	0.23105	5.7225e-002	5.7225e-002	5.7225e-002	
1387	0.23121	5.5679e-002	5.5679e-002	5.5679e-002	
1388	0.23138	5.3305e-002	5.3305e-002	5.3305e-002	
1389	0.23155	5.0218e-002	5.0218e-002	5.0218e-002	
1390	0.23171	4.6634e-002	4.6634e-002	4.6634e-002	
1391	0.23188	4.2855e-002	4.2855e-002	4.2855e-002	
1392	0.23205	3.9229e-002	3.9229e-002	3.9229e-002	
1393	0.23221	3.6108e-002	3.6108e-002	3.6108e-002	
1394	0.23238	3.3795e-002	3.3795e-002	3.3795e-002	
1395	0.23255	3.2502e-002	3.2502e-002	3.2502e-002	
1396	0.23271	3.2306e-002	3.2306e-002	3.2306e-002	
1397	0.23288	3.3135e-002	3.3135e-002	3.3135e-002	
1398	0.23305	3.4764e-002	3.4764e-002	3.4764e-002	
1399	0.23321	3.6845e-002	3.6845e-002	3.6845e-002	
1400	0.23338	3.8948e-002	3.8948e-002	3.8948e-002	
1401	0.23355	4.0621e-002	4.0621e-002	4.0621e-002	
1402	0.23371	4.1456e-002	4.1456e-002	4.1456e-002	
1403	0.23388	4.1151e-002	4.1151e-002	4.1151e-002	
1404	0.23405	3.9562e-002	3.9562e-002	3.9562e-002	
1405	0.23421	3.6726e-002	3.6726e-002	3.6726e-002	
1406	0.23438	3.2865e-002	3.2865e-002	3.2865e-002	
1407	0.23455	2.836e-002	2.836e-002	2.836e-002	
1408	0.23471	2.3694e-002	2.3694e-002	2.3694e-002	
1409	0.23488	1.9389e-002	1.9389e-002	1.9389e-002	
1410	0.23505	1.5921e-002	1.5921e-002	1.5921e-002	
1411	0.23521	1.3654e-002	1.3654e-002	1.3654e-002	
1412	0.23538	1.2777e-002	1.2777e-002	1.2777e-002	
1413	0.23555	1.3275e-002	1.3275e-002	1.3275e-002	
1414	0.23571	1.4924e-002	1.4924e-002	1.4924e-002	
1415	0.23588	1.7327e-002	1.7327e-002	1.7327e-002	
1416	0.23605	1.9966e-002	1.9966e-002	1.9966e-002	
1417	0.23621	2.2282e-002	2.2282e-002	2.2282e-002	
1418	0.23638	2.376e-002	2.376e-002	2.376e-002	
1419	0.23655	2.4009e-002	2.4009e-002	2.4009e-002	
1420	0.23671	2.2823e-002	2.2823e-002	2.2823e-002	
1421	0.23688	2.0213e-002	2.0213e-002	2.0213e-002	
1422	0.23705	1.6408e-002	1.6408e-002	1.6408e-002	
1423	0.23721	1.1822e-002	1.1822e-002	1.1822e-002	
1424	0.23738	6.9886e-003	6.9886e-003	6.9886e-003	
1425	0.23755	2.4812e-003	2.4812e-003	2.4812e-003	
1426	0.23771	-1.1784e-003	-1.1784e-003	-1.1784e-003	
1427	0.23788	-3.5999e-003	-3.5999e-003	-3.5999e-003	
1428	0.23805	-4.5862e-003	-4.5862e-003	-4.5862e-003	
1429	0.23821	-4.1639e-003	-4.1639e-003	-4.1639e-003	
1430	0.23838	-2.5798e-003	-2.5798e-003	-2.5798e-003	
1431	0.23855	-2.6103e-004	-2.6103e-004	-2.6103e-004	
1432	0.23871	2.2516e-003	2.2516e-003	2.2516e-003	
1433	0.23888	4.3896e-003	4.3896e-003	4.3896e-003	
1434	0.23905	5.6467e-003	5.6467e-003	5.6467e-003	
1435	0.23921	5.6586e-003	5.6586e-003	5.6586e-003	
1436	0.23938	4.2606e-003	4.2606e-003	4.2606e-003	
1437	0.23955	1.5128e-003	1.5128e-003	1.5128e-003	
1438	0.23971	-2.3105e-003	-2.3105e-003	-2.3105e-003	
1439	0.23988	-6.7652e-003	-6.7652e-003	-6.7652e-003	
1440	0.24005	-1.131e-002	-1.131e-002	-1.131e-002	
1441	0.24021	-1.5392e-002	-1.5392e-002	-1.5392e-002	
1442	0.24038	-1.8537e-002	-1.8537e-002	-1.8537e-002	
1443	0.24055	-2.0426e-002	-2.0426e-002	-2.0426e-002	
1444	0.24071	-2.0943e-002	-2.0943e-002	-2.0943e-002	
1445	0.24088	-2.0194e-002	-2.0194e-002	-2.0194e-002	
1446	0.24105	-1.8489e-002	-1.8489e-002	-1.8489e-002	
1447	0.24121	-1.6292e-002	-1.6292e-002	-1.6292e-002	
1448	0.24138	-1.4141e-002	-1.4141e-002	-1.4141e-002	
1449	0.24155	-1.2564e-002	-1.2564e-002	-1.2564e-002	
1450	0.24171	-1.1992e-002	-1.1992e-002	-1.1992e-002	
1451	0.24188	-1.2691e-002	-1.2691e-002	-1.2691e-002	
1452	0.24205	-1.4717e-002	-1.4717e-002	-1.4717e-002	
1453	0.24222	-1.791e-002	-1.791e-002	-1.791e-002	
1454	0.24238	-2.1921e-002	-2.1921e-002	-2.1921e-002	
1455	0.24255	-2.6268e-002	-2.6268e-002	-2.6268e-002	
1456	0.24272	-3.042e-002	-3.042e-002	-3.042e-002	
1457	0.24288	-3.3876e-002	-3.3876e-002	-3.3876e-002	
1458	0.24305	-3.6254e-002	-3.6254e-002	-3.6254e-002	
1459	0.24322	-3.735e-002	-3.735e-002	-3.735e-002	
1460	0.24338	-3.7167e-002	-3.7167e-002	-3.7167e-002	
1461	0.24355	-3.5921e-002	-3.5921e-002	-3.5921e-002	
1462	0.24372	-3.3995e-002	-3.3995e-002	-3.3995e-002	
1463	0.24388	-3.1885e-002	-3.1885e-002	-3.1885e-002	
1464	0.24405	-3.0112e-002	-3.0112e-002	-3.0112e-002	
1465	0.24422	-2.914e-002	-2.914e-002	-2.914e-002	
1466	0.24438	-2.9299e-002	-2.9299e-002	-2.9299e-002	
1467	0.24455	-3.0736e-002	-3.0736e-002	-3.0736e-002	
1468	0.24472	-3.3384e-002	-3.3384e-002	-3.3384e-002	
1469	0.24488	-3.6984e-002	-3.6984e-002	-3.6984e-002	
1470	0.24505	-4.1122e-002	-4.1122e-002	-4.1122e-002	
1471	0.24522	-4.5299e-002	-4.5299e-002	-4.5299e-002	
1472	0.24538	-4.9014e-002	-4.9014e-002	-4.9014e-002	
1473	0.24555	-5.1845e-002	-5.1845e-002	-5.1845e-002	
1474	0.24572	-5.3516e-002	-5.3516e-002	-5.3516e-002	
1475	0.24588	-5.3942e-002	-5.3942e-002	-5.3942e-002	
1476	0.24605	-5.3239e-002	-5.3239e-002	-5.3239e-002	
1477	0.24622	-5.1706e-002	-5.1706e-002	-5.1706e-002	
1478	0.24638	-4.9771e-002	-4.9771e-002	-4.9771e-002	
1479	0.24655	-4.7923e-002	-4.7923e-002	-4.7923e-002	
1480	0.24672	-4.6628e-002	-4.6628e-002	-4.6628e-002	
1481	0.24688	-4.6259e-002	-4.6259e-002	-4.6259e-002	
1482	0.24705	-4.7031e-002	-4.7031e-002	-4.7031e-002	
1483	0.24722	-4.8971e-002	-4.8971e-002	-4.8971e-002	
1484	0.24738	-5.1918e-002	-5.1918e-002	-5.1918e-002	
1485	0.24755	-5.5548e-002	-5.5548e-002	-5.5548e-002	
1486	0.24772	-5.9432e-002	-5.9432e-002	-5.9432e-002	
1487	0.24788	-6.3109e-002	-6.3109e-002	-6.3109e-002	
1488	0.24805	-6.6161e-002	-6.6161e-002	-6.6161e-002	
1489	0.24822	-6.8279e-002	-6.8279e-002	-6.8279e-002	
1490	0.24838	-6.9314e-002	-6.9314e-002	-6.9314e-002	
1491	0.24855	-6.9296e-002	-6.9296e-002	-6.9296e-002	
1492	0.24872	-6.8428e-002	-6.8428e-002	-6.8428e-002	
1493	0.24888	-6.7047e-002	-6.7047e-002	-6.7047e-002	
1494	0.24905	-6.5564e-002	-6.5564e-002	-6.5564e-002	
1495	0.24922	-6.4399e-002	-6.4399e-002	-6.4399e-002	
1496	0.24938	-6.3903e-002	-6.3903e-002	-6.3903e-002	
1497	0.24955	-6.431e-002	-6.431e-002	-6.431e-002	
1498	0.24972	-6.5693e-002	-6.5693e-002	-6.5693e-002	
1499	0.24988	-6.796e-002	-6.796e-002	-6.796e-002	
1500	0.25005	-7.0871e-002	-7.0871e-002	-7.0871e-002	
1501	0.25022	-7.4085e-002	-7.4085e-002	-7.4085e-002	
1502	0.25038	-7.7218e-002	-7.7218e-002	-7.7218e-002	
1503	0.25055	-7.991e-002	-7.991e-002	-7.991e-002	
1504	0.25072	-8.1888e-002	-8.1888e-002	-8.1888e-002	
1505	0.25088	-8.3009e-002	-8.3009e-002	-8.3009e-002	
1506	0.25105	-8.3285e-002	-8.3285e-002	-8.3285e-002	
1507	0.25122	-8.2873e-002	-8.2873e-002	-8.2873e-002	
1508	0.25138	-8.2049e-002	-8.2049e-002	-8.2049e-002	
1509	0.25155	-8.1156e-002	-8.1156e-002	-8.1156e-002	
1510	0.25172	-8.0541e-002	-8.0541e-002	-8.0541e-002	
1511	0.25188	-8.0495e-002	-8.0495e-002	-8.0495e-002	
1512	0.25205	-8.12e-002	-8.12e-002	-8.12e-002	
1513	0.25222	-8.2701e-002	-8.2701e-002	-8.2701e-002	
1514	0.25238	-8.4893e-002	-8.4893e-002	-8.4893e-002	
1515	0.25255	-8.7547e-002	-8.7547e-002	-8.7547e-002	
1516	0.25272	-9.0347e-002	-9.0347e-002	-9.0347e-002	
1517	0.25288	-9.295e-002	-9.295e-002	-9.295e-002	
1518	0.25305	-9.5048e-002	-9.5048e-002	-9.5048e-002	
1519	0.25322	-9.6422e-002	-9.6422e-002	-9.6422e-002	
1520	0.25338	-9.6984e-002	-9.6984e-002	-9.6984e-002	
1521	0.25355	-9.6795e-002	-9.6795e-002	-9.6795e-002	
1522	0.25372	-9.6054e-002	-9.6054e-002	-9.6054e-002	
1523	0.25388	-9.5067e-002	-9.5067e-002	-9.5067e-002	
1524	0.25405	-9.4192e-002	-9.4192e-002	-9.4192e-002	
1525	0.25422	-9.3776e-002	-9.3776e-002	-9.3776e-002	
1526	0.25438	-9.4092e-002	-9.4092e-002	-9.4092e-002	
1527	0.25455	-9.529e-002	-9.529e-002	-9.529e-002	
1528	0.25472	-9.7365e-002	-9.7365e-002	-9.7365e-002	
1529	0.25488	-0.10016	-0.10016	-0.10016	
1530	0.25505	-0.10337	-0.10337	-0.10337	
1531	0.25522	-0.10663	-0.10663	-0.10663	
1532	0.25538	-0.10952	-0.10952	-0.10952	
1533	0.25555	-0.11169	-0.11169	-0.11169	
1534	0.25572	-0.1129	-0.1129	-0.1129	
1535	0.25588	-0.11306	-0.11306	-0.11306	
1536	0.25605	-0.11224	-0.11224	-0.11224	
1537	0.25622	-0.11071	-0.11071	-0.11071	
1538	0.25638	-0.10883	-0.10883	-0.10883	
1539	0.25655	-0.10707	-0.10707	-0.10707	
1540	0.25672	-0.10587	-0.10587	-0.10587	
1541	0.25688	-0.10559	-0.10559	-0.10559	
1542	0.25705	-0.10647	-0.10647	-0.10647	
1543	0.25722	-0.10855	-0.10855	-0.10855	
1544	0.25738	-0.11168	-0.11168	-0.11168	
1545	0.25755	-0.11555	-0.11555	-0.11555	
1546	0.25772	-0.1197	-0.1197	-0.1197	
1547	0.25788	-0.12362	-0.12362	-0.12362	
1548	0.25805	-0.12685	-0.12685	-0.12685	
1549	0.25822	-0.12899	-0.12899	-0.12899	
1550	0.25838	-0.12981	-0.12981	-0.12981	
1551	0.25855	-0.12932	-0.12932	-0.12932	
1552	0.25872	-0.12768	-0.12768	-0.12768	
1553	0.25889	-0.12526	-0.12526	-0.12526	
1554	0.25905	-0.12257	-0.12257	-0.12257	
1555	0.25922	-0.12012	-0.12012	-0.12012	
1556	0.25939	-0.11845	-0.11845	-0.11845	
1557	0.25955	-0.11792	-0.11792	-0.11792	
1558	0.25972	-0.11877	-0.11877	-0.11877	
1559	0.25989	-0.12101	-0.12101	-0.12101	
1560	0.26005	-0.12442	-0.12442	-0.12442	
1561	0.26022	-0.12863	-0.12863	-0.12863	
1562	0.26039	-0.13314	-0.13314	-0.13314	
1563	0.26055	-0.13741	-0.13741	-0.13741	
1564	0.26072	-0.14091	-0.14091	-0.14091	
1565	0.26089	-0.14326	-0.14326	-0.14326	
1566	0.26105	-0.14425	-0.14425	-0.14425	
1567	0.26122	-0.14387	-0.14387	-0.14387	
1568	0.26139	-0.1423	-0.1423	-0.1423	
1569	0.26155	-0.13991	-0.13991	-0.13991	
1570	0.26172	-0.13718	-0.13718	-0.13718	
1571	0.26189	-0.13463	-0.13463	-0.13463	
1572	0.26205	-0.13275	-0.13275	-0.13275	
1573	0.26222	-0.1319	-0.1319	-0.1319	
1574	0.26239	-0.1323	-0.1323	-0.1323	
1575	0.26255	-0.13396	-0.13396	-0.13396	
1576	0.26272	-0.13673	-0.13673	-0.13673	
1577	0.26289	-0.14027	-0.14027	-0.14027	
1578	0.26305	-0.14417	-0.14417	-0.14417	
1579	0.26322	-0.14796	-0.14796	-0.14796	
1580	0.26339	-0.15123	-0.15123	-0.15123	
1581	0.26355	-0.15363	-0.15363	-0.15363	
1582	0.26372	-0.15499	-0.15499	-0.15499	
1583	0.26389	-0.15526	-0.15526	-0.15526	
1584	0.26405	-0.15459	-0.15459	-0.15459	
1585	0.26422	-0.15321	-0.15321	-0.15321	
1586	0.26439	-0.15148	-0.15148	-0.15148	
1587	0.26455	-0.14976	-0.14976	-0.14976	
1588	0.26472	-0.14838	-0.14838	-0.14838	
1589	0.26489	-0.14761	-0.14761	-0.14761	
1590	0.26505	-0.14759	-0.14759	-0.14759	
1591	0.26522	-0.14836	-0.14836	-0.14836	
1592	0.26539	-0.14983	-0.14983	-0.14983	
1593	0.26555	-0.15182	-0.15182	-0.15182	
1594	0.26572	-0.15412	-0.15412	-0.15412	
1595	0.26589	-0.15646	-0.15646	-0.15646	
1596	0.26605	-0.15863	-0.15863	-0.15863	
1597	0.26622	-0.16047	-0.16047	-0.16047	
1598	0.26639	-0.16189	-0.16189	-0.16189	
1599	0.26655	-0.16286	-0.16286	-0.16286	
1600	0.26672	-0.16344	-0.16344	-0.16344	
1601	0.26689	-0.16371	-0.16371	-0.16371	
1602	0.26705	-0.1638	-0.1638	-0.1638	
1603	0.26722	-0.1638	-0.1638	-0.1638	
1604	0.26739	-0.16379	-0.16379	-0.16379	
1605	0.26755	-0.16383	-0.16383	-0.16383	
1606	0.26772	-0.16391	-0.16391	-0.16391	
1607	0.26789	-0.16402	-0.16402	-0.16402	
1608	0.26805	-0.16414	-0.16414	-0.16414	
1609	0.26822	-0.16426	-0.16426	-0.16426	
1610	0.26839	-0.16438	-0.16438	-0.16438	
1611	0.26855	-0.16455	-0.16455	-0.16455	
1612	0.26872	-0.16484	-0.16484	-0.16484	
1613	0.26889	-0.16534	-0.16534	-0.16534	
1614	0.26905	-0.16614	-0.16614	-0.16614	
1615	0.26922	-0.16732	-0.16732	-0.16732	
1616	0.26939	-0.16888	-0.16888	-0.16888	
1617	0.26955	-0.17078	-0.17078	-0.17078	
1618	0.26972	-0.1729	-0.1729	-0.1729	
1619	0.26989	-0.17505	-0.17505	-0.17505	
1620	0.27005	-0.177	-0.177	-0.177	
1621	0.27022	-0.17852	-0.17852	-0.17852	
1622	0.27039	-0.1794	-0.1794	-0.1794	
1623	0.27055	-0.17951	-0.17951	-0.17951	
1624	0.27072	-0.17881	-0.17881	-0.17881	
1625	0.27089	-0.1774	-0.1774	-0.1774	
1626	0.27105	-0.17549	-0.17549	-0.17549	
1627	0.27122	-0.1734	-0.1734	-0.1734	
1628	0.27139	-0.17149	-0.17149	-0.17149	
1629	0.27155	-0.17015	-0.17015	-0.17015	
1630	0.27172	-0.16971	-0.16971	-0.16971	
1631	0.27189	-0.17037	-0.17037	-0.17037	
1632	0.27205	-0.1722	-0.1722	-0.1722	
1633	0.27222	-0.17508	-0.17508	-0.17508	
1634	0.27239	-0.17874	-0.17874	-0.17874	
1635	0.27255	-0.18275	-0.18275	-0.18275	
1636	0.27272	-0.18661	-0.18661	-0.18661	
1637	0.27289	-0.18983	-0.18983	-0.18983	
1638	0.27305	-0.19196	-0.19196	-0.19196	
1639	0.27322	-0.1927	-0.1927	-0.1927	
1640	0.27339	-0.19197	-0.19197	-0.19197	
1641	0.27355	-0.18985	-0.18985	-0.18985	
1642	0.27372	-0.18669	-0.18669	-0.18669	
1643	0.27389	-0.18296	-0.18296	-0.18296	
1644	0.27405	-0.17927	-0.17927	-0.17927	
1645	0.27422	-0.17621	-0.17621	-0.17621	
1646	0.27439	-0.17432	-0.17432	-0.17432	
1647	0.27455	-0.17398	-0.17398	-0.17398	
1648	0.27472	-0.17533	-0.17533	-0.17533	
1649	0.27489	-0.17828	-0.17828	-0.17828	
1650	0.27505	-0.18249	-0.18249	-0.18249	
1651	0.27522	-0.18744	-0.18744	-0.18744	
1652	0.27539	-0.19247	-0.19247	-0.19247	
1653	0.27556	-0.19692	-0.19692	-0.19692	
1654	0.27572	-0.20017	-0.20017	-0.20017	
1655	0.27589	-0.2018	-0.2018	-0.2018	
1656	0.27606	-0.20161	-0.20161	-0.20161	
1657	0.27622	-0.19967	-0.19967	-0.19967	
1658	0.27639	-0.19629	-0.19629	-0.19629	
1659	0.27656	-0.19203	-0.19203	-0.19203	
1660	0.27672	-0.18753	-0.18753	-0.18753	
1661	0.27689	-0.18352	-0.18352	-0.18352	
1662	0.27706	-0.18063	-0.18063	-0.18063	
1663	0.27722	-0.17931	-0.17931	-0.17931	
1664	0.27739	-0.17982	-0.17982	-0.17982	
1665	0.27756	-0.18211	-0.18211	-0.18211	
1666	0.27772	-0.18588	-0.18588	-0.18588	
1667	0.27789	-0.19062	-0.19062	-0.19062	
1668	0.27806	-0.19567	-0.19567	-0.19567	
1669	0.27822	-0.20034	-0.20034	-0.20034	
1670	0.27839	-0.204	-0.204	-0.204	
1671	0.27856	-0.20617	-0.20617	-0.20617	
1672	0.27872	-0.20661	-0.20661	-0.20661	
1673	0.27889	-0.20532	-0.20532	-0.20532	
1674	0.27906	-0.20257	-0.20257	-0.20257	
1675	0.27922	-0.19884	-0.19884	-0.19884	
1676	0.27939	-0.19472	-0.19472	-0.19472	
1677	0.27956	-0.19087	-0.19087	-0.19087	
1678	0.27972	-0.18789	-0.18789	-0.18789	
1679	0.27989	-0.18621	-0.18621	-0.18621	
1680	0.28006	-0.18607	-0.18607	-0.18607	
1681	0.28022	-0.18749	-0.18749	-0.18749	
1682	0.28039	-0.19022	-0.19022	-0.19022	
1683	0.28056	-0.19384	-0.19384	-0.19384	
1684	0.28072	-0.19782	-0.19782	-0.19782	
1685	0.28089	-0.20159	-0.20159	-0.20159	
1686	0.28106	-0.20463	-0.20463	-0.20463	
1687	0.28122	-0.20655	-0.20655	-0.20655	
1688	0.28139	-0.20716	-0.20716	-0.20716	
1689	0.28156	-0.20645	-0.20645	-0.20645	
1690	0.28172	-0.20463	-0.20463	-0.20463	
1691	0.28189	-0.20207	-0.20207	-0.20207	
1692	0.28206	-0.19922	-0.19922	-0.19922	
1693	0.28222	-0.19655	-0.19655	-0.19655	
1694	0.28239	-0.19448	-0.19448	-0.19448	
1695	0.28256	-0.19331	-0.19331	-0.19331	
1696	0.28272	-0.19318	-0.19318	-0.19318	
1697	0.28289	-0.19404	-0.19404	-0.19404	
1698	0.28306	-0.19571	-0.19571	-0.19571	
1699	0.28322	-0.19787	-0.19787	-0.19787	
1700	0.28339	-0.20017	-0.20017	-0.20017	
1701	0.28356	-0.20223	-0.20223	-0.20223	
1702	0.28372	-0.20376	-0.20376	-0.20376	
1703	0.28389	-0.20457	-0.20457	-0.20457	
1704	0.28406	-0.20462	-0.20462	-0.20462	
1705	0.28422	-0.20397	-0.20397	-0.20397	
1706	0.28439	-0.20284	-0.20284	-0.20284	
1707	0.28456	-0.20149	-0.20149	-0.20149	
1708	0.28472	-0.20021	-0.20021	-0.20021	
1709	0.28489	-0.19924	-0.19924	-0.19924	
1710	0.28506	-0.19876	-0.19876	-0.19876	
1711	0.28522	-0.19883	-0.19883	-0.19883	
1712	0.28539	-0.1994	-0.1994	-0.1994	
1713	0.28556	-0.20032	-0.20032	-0.20032	
1714	0.28572	-0.20137	-0.20137	-0.20137	
1715	0.28589	-0.20231	-0.20231	-0.20231	
1716	0.28606	-0.20293	-0.20293	-0.20293	
1717	0.28622	-0.20308	-0.20308	-0.20308	
1718	0.28639	-0.20271	-0.20271	-0.20271	
1719	0.28656	-0.20189	-0.20189	-0.20189	
1720	0.28672	-0.20077	-0.20077	-0.20077	
1721	0.28689	-0.19958	-0.19958	-0.19958	
1722	0.28706	-0.19858	-0.19858	-0.19858	
1723	0.28722	-0.19799	-0.19799	-0.19799	
1724	0.28739	-0.19798	-0.19798	-0.19798	
1725	0.28756	-0.1986	-0.1986	-0.1986	
1726	0.28772	-0.19979	-0.19979	-0.19979	
1727	0.28789	-0.20136	-0.20136	-0.20136	
1728	0.28806	-0.20305	-0.20305	-0.20305	
1729	0.28822	-0.20455	-0.20455	-0.20455	
1730	0.28839	-0.20557	-0.20557	-0.20557	
1731	0.28856	-0.20586	-0.20586	-0.20586	
1732	0.28872	-0.2053	-0.2053	-0.2053	
1733	0.28889	-0.20392	-0.20392	-0.20392	
1734	0.28906	-0.20187	-0.20187	-0.20187	
1735	0.28922	-0.19944	-0.19944	-0.19944	
1736	0.28939	-0.19698	-0.19698	-0.19698	
1737	0.28956	-0.19488	-0.19488	-0.19488	
1738	0.28972	-0.19349	-0.19349	-0.19349	
1739	0.28989	-0.19307	-0.19307	-0.19307	
1740	0.29006	-0.19369	-0.19369	-0.19369	
1741	0.29022	-0.19532	-0.19532	-0.19532	
1742	0.29039	-0.1977	-0.1977	-0.1977	
1743	0.29056	-0.20048	-0.20048	-0.20048	
1744	0.29072	-0.20321	-0.20321	-0.20321	
1745	0.29089	-0.20545	-0.20545	-0.20545	
1746	0.29106	-0.20681	-0.20681	-0.20681	
1747	0.29122	-0.20701	-0.20701	-0.20701	
1748	0.29139	-0.20596	-0.20596	-0.20596	
1749	0.29156	-0.20377	-0.20377	-0.20377	
1750	0.29172	-0.2007	-0.2007	-0.2007	
1751	0.29189	-0.19717	-0.19717	-0.19717	
1752	0.29206	-0.19369	-0.19369	-0.19369	
1753	0.29223	-0.19074	-0.19074	-0.19074	
1754	0.29239	-0.18877	-0.18877	-0.18877	
1755	0.29256	-0.18804	-0.18804	-0.18804	
1756	0.29273	-0.18867	-0.18867	-0.18867	
1757	0.29289	-0.19053	-0.19053	-0.19053	
1758	0.29306	-0.19334	-0.19334	-0.19334	
1759	0.29323	-0.19665	-0.19665	-0.19665	
1760	0.29339	-0.19992	-0.19992	-0.19992	
1761	0.29356	-0.20264	-0.20264	-0.20264	
1762	0.29373	-0.20436	-0.20436	-0.20436	
1763	0.29389	-0.20478	-0.20478	-0.20478	
1764	0.29406	-0.20379	-0.20379	-0.20379	
1765	0.29423	-0.2015	-0.2015	-0.2015	
1766	0.29439	-0.1982	-0.1982	-0.1982	
1767	0.29456	-0.19436	-0.19436	-0.19436	
1768	0.29473	-0.19049	-0.19049	-0.19049	
1769	0.29489	-0.18712	-0.18712	-0.18712	
1770	0.29506	-0.18471	-0.18471	-0.18471	
1771	0.29523	-0.18355	-0.18355	-0.18355	
1772	0.29539	-0.18377	-0.18377	-0.18377	
1773	0.29556	-0.18526	-0.18526	-0.18526	
1774	0.29573	-0.18774	-0.18774	-0.18774	
1775	0.29589	-0.1908	-0.1908	-0.1908	
1776	0.29606	-0.19392	-0.19392	-0.19392	
1777	0.29623	-0.19659	-0.19659	-0.19659	
1778	0.29639	-0.19839	-0.19839	-0.19839	
1779	0.29656	-0.199	-0.199	-0.199	
1780	0.29673	-0.19833	-0.19833	-0.19833	
1781	0.29689	-0.19644	-0.19644	-0.19644	
1782	0.29706	-0.19357	-0.19357	-0.19357	
1783	0.29723	-0.19013	-0.19013	-0.19013	
1784	0.29739	-0.18656	-0.18656	-0.18656	
1785	0.29756	-0.18334	-0.18334	-0.18334	
1786	0.29773	-0.18087	-0.18087	-0.18087	
1787	0.29789	-0.17942	-0.17942	-0.17942	
1788	0.29806	-0.17911	-0.17911	-0.17911	
1789	0.29823	-0.17989	-0.17989	-0.17989	
1790	0.29839	-0.18154	-0.18154	-0.18154	
1791	0.29856	-0.18374	-0.18374	-0.18374	
1792	0.29873	-0.18609	-0.18609	-0.18609	
1793	0.29889	-0.18817	-0.18817	-0.18817	
1794	0.29906	-0.18964	-0.18964	-0.18964	
1795	0.29923	-0.19025	-0.19025	-0.19025	
1796	0.29939	-0.18989	-0.18989	-0.18989	
1797	0.29956	-0.18859	-0.18859	-0.18859	
1798	0.29973	-0.18652	-0.18652	-0.18652	
1799	0.29989	-0.18395	-0.18395	-0.18395	
1800	0.30006	-0.18121	-0.18121	-0.18121	
1801	0.30023	-0.17862	-0.17862	-0.17862	
1802	0.30039	-0.17647	-0.17647	-0.17647	
1803	0.30056	-0.17498	-0.17498	-0.17498	
1804	0.30073	-0.17423	-0.17423	-0.17423	
1805	0.30089	-0.17423	-0.17423	-0.17423	
1806	0.30106	-0.17483	-0.17483	-0.17483	
1807	0.30123	-0.17585	-0.17585	-0.17585	
1808	0.30139	-0.17705	-0.17705	-0.17705	
1809	0.30156	-0.17816	-0.17816	-0.17816	
1810	0.30173	-0.17898	-0.17898	-0.17898	
1811	0.30189	-0.17935	-0.17935	-0.17935	
1812	0.30206	-0.17918	-0.17918	-0.17918	
1813	0.30223	-0.17847	-0.17847	-0.17847	
1814	0.30239	-0.17729	-0.17729	-0.17729	
1815	0.30256	-0.17578	-0.17578	-0.17578	
1816	0.30273	-0.1741	-0.1741	-0.1741	
1817	0.30289	-0.1724	-0.1724	-0.1724	
1818	0.30306	-0.17083	-0.17083	-0.17083	
1819	0.30323	-0.1695	-0.1695	-0.1695	
1820	0.30339	-0.16847	-0.16847	-0.16847	
1821	0.30356	-0.16775	-0.16775	-0.16775	
1822	0.30373	-0.16731	-0.16731	-0.16731	
1823	0.30389	-0.1671	-0.1671	-0.1671	
1824	0.30406	-0.16704	-0.16704	-0.16704	
1825	0.30423	-0.16706	-0.16706	-0.16706	
1826	0.30439	-0.16709	-0.16709	-0.16709	
1827	0.30456	-0.16706	-0.16706	-0.16706	
1828	0.30473	-0.16695	-0.16695	-0.16695	
1829	0.30489	-0.16673	-0.16673	-0.16673	
1830	0.30506	-0.16638	-0.16638	-0.16638	
1831	0.30523	-0.1659	-0.1659	-0.1659	
1832	0.30539	-0.16527	-0.16527	-0.16527	
1833	0.30556	-0.1645	-0.1645	-0.1645	
1834	0.30573	-0.16357	-0.16357	-0.16357	
1835	0.30589	-0.16249	-0.16249	-0.16249	
1836	0.30606	-0.16128	-0.16128	-0.16128	
1837	0.30623	-0.15997	-0.15997	-0.15997	
1838	0.30639	-0.15862	-0.15862	-0.15862	
1839	0.30656	-0.1573	-0.1573	-0.1573	
1840	0.30673	-0.15609	-0.15609	-0.15609	
1841	0.30689	-0.15507	-0.15507	-0.15507	
1842	0.30706	-0.15433	-0.15433	-0.15433	
1843	0.30723	-0.15389	-0.15389	-0.15389	
1844	0.30739	-0.15376	-0.15376	-0.15376	
1845	0.30756	-0.15391	-0.15391	-0.15391	
1846	0.30773	-0.15424	-0.15424	-0.15424	
1847	0.30789	-0.15461	-0.15461	-0.15461	
1848	0.30806	-0.15489	-0.15489	-0.15489	
1849	0.30823	-0.15491	-0.15491	-0.15491	
1850	0.30839	-0.15454	-0.15454	-0.15454	
1851	0.30856	-0.15371	-0.15371	-0.15371	
1852	0.30873	-0.15239	-0.15239	-0.15239	
1853	0.3089	-0.15063	-0.15063	-0.15063	
1854	0.30906	-0.14855	-0.14855	-0.14855	
1855	0.30923	-0.14634	-0.14634	-0.14634	
1856	0.3094	-0.1442	-0.1442	-0.1442	
1857	0.30956	-0.14235	-0.14235	-0.14235	
1858	0.30973	-0.14096	-0.14096	-0.14096	
1859	0.3099	-0.14016	-0.14016	-0.14016	
1860	0.31006	-0.13997	-0.13997	-0.13997	
1861	0.31023	-0.14035	-0.14035	-0.14035	
1862	0.3104	-0.14114	-0.14114	-0.14114	
1863	0.31056	-0.14212	-0.14212	-0.14212	
1864	0.31073	-0.14303	-0.14303	-0.14303	
1865	0.3109	-0.14362	-0.14362	-0.14362	
1866	0.31106	-0.14366	-0.14366	-0.14366	
1867	0.31123	-0.14302	-0.14302	-0.14302	
1868	0.3114	-0.14164	-0.14164	-0.14164	
1869	0.31156	-0.13959	-0.13959	-0.13959	
1870	0.31173	-0.13705	-0.13705	-0.13705	
1871	0.3119	-0.13426	-0.13426	-0.13426	
1872	0.31206	-0.13151	-0.13151	-0.13151	
1873	0.31223	-0.1291	-0.1291	-0.1291	
1874	0.3124	-0.12727	-0.12727	-0.12727	
1875	0.31256	-0.12618	-0.12618	-0.12618	
1876	0.31273	-0.1259	-0.1259	-0.1259	
1877	0.3129	-0.12633	-0.12633	-0.12633	
1878	0.31306	-0.12731	-0.12731	-0.12731	
1879	0.31323	-0.12855	-0.12855	-0.12855	
1880	0.3134	-0.12975	-0.12975	-0.12975	
1881	0.31356	-0.1306	-0.1306	-0.1306	
1882	0.31373	-0.13083	-0.13083	-0.13083	
1883	0.3139	-0.13028	-0.13028	-0.13028	
1884	0.31406	-0.1289	-0.1289	-0.1289	
1885	0.31423	-0.12676	-0.12676	-0.12676	
1886	0.3144	-0.12406	-0.12406	-0.12406	
1887	0.31456	-0.12108	-0.12108	-0.12108	
1888	0.31473	-0.11813	-0.11813	-0.11813	
1889	0.3149	-0.11553	-0.11553	-0.11553	
1890	0.31506	-0.11353	-0.11353	-0.11353	
1891	0.31523	-0.1123	-0.1123	-0.1123	
1892	0.3154	-0.11188	-0.11188	-0.11188	
1893	0.31556	-0.11219	-0.11219	-0.11219	
1894	0.31573	-0.11303	-0.11303	-0.11303	
1895	0.3159	-0.11413	-0.11413	-0.11413	
1896	0.31606	-0.11519	-0.11519	-0.11519	
1897	0.31623	-0.11589	-0.11589	-0.11589	
1898	0.3164	-0.11601	-0.11601	-0.11601	
1899	0.31656	-0.1154	-0.1154	-0.1154	
1900	0.31673	-0.11403	-0.11403	-0.11403	
1901	0.3169	-0.11198	-0.11198	-0.11198	
1902	0.31706	-0.10946	-0.10946	-0.10946	
1903	0.31723	-0.10671	-0.10671	-0.10671	
1904	0.3174	-0.10403	-0.10403	-0.10403	
1905	0.31756	-0.10168	-0.10168	-0.10168	
1906	0.31773	-9.9867e-002	-9.9867e-002	-9.9867e-002	
1907	0.3179	-9.8706e-002	-9.8706e-002	-9.8706e-002	
1908	0.31806	-9.8202e-002	-9.8202e-002	-9.8202e-002	
1909	0.31823	-9.8257e-002	-9.8257e-002	-9.8257e-002	
1910	0.3184	-9.8686e-002	-9.8686e-002	-9.8686e-002	
1911	0.31856	-9.9252e-002	-9.9252e-002	-9.9252e-002	
1912	0.31873	-9.9706e-002	-9.9706e-002	-9.9706e-002	
1913	0.3189	-9.9826e-002	-9.9826e-002	-9.9826e-002	
1914	0.31906	-9.9458e-002	-9.9458e-002	-9.9458e-002	
1915	0.31923	-9.8531e-002	-9.8531e-002	-9.8531e-002	
1916	0.3194	-9.7073e-002	-9.7073e-002	-9.7073e-002	
1917	0.31956	-9.5197e-002	-9.5197e-002	-9.5197e-002	
1918	0.31973	-9.3081e-002	-9.3081e-002	-9.3081e-002	
1919	0.3199	-9.0932e-002	-9.0932e-002	-9.0932e-002	
1920	0.32006	-8.8954e-002	-8.8954e-002	-8.8954e-002	
1921	0.32023	-8.7308e-002	-8.7308e-002	-8.7308e-002	
1922	0.3204	-8.6088e-002	-8.6088e-002	-8.6088e-002	
1923	0.32056	-8.5305e-002	-8.5305e-002	-8.5305e-002	
1924	0.32073	-8.489e-002	-8.489e-002	-8.489e-002	
1925	0.3209	-8.471e-002	-8.471e-002	-8.471e-002	
1926	0.32106	-8.4591e-002	-8.4591e-002	-8.4591e-002	
1927	0.32123	-8.4357e-002	-8.4357e-002	-8.4357e-002	
1928	0.3214	-8.3858e-002	-8.3858e-002	-8.3858e-002	
1929	0.32156	-8.3001e-002	-8.3001e-002	-8.3001e-002	
1930	0.32173	-8.1766e-002	-8.1766e-002	-8.1766e-002	
1931	0.3219	-8.0209e-002	-8.0209e-002	-8.0209e-002	
1932	0.32206	-7.845e-002	-7.845e-002	-7.845e-002	
1933	0.32223	-7.6653e-002	-7.6653e-002	-7.6653e-002	
1934	0.3224	-7.4988e-002	-7.4988e-002	-7.4988e-002	
1935	0.32256	-7.3603e-002	-7.3603e-002	-7.3603e-002	
1936	0.32273	-7.2591e-002	-7.2591e-002	-7.2591e-002	
1937	0.3229	-7.1973e-002	-7.1973e-002	-7.1973e-002	
1938	0.32306	-7.169e-002	-7.169e-002	-7.169e-002	
1939	0.32323	-7.1609e-002	-7.1609e-002	-7.1609e-002	
1940	0.3234	-7.1552e-002	-7.1552e-002	-7.1552e-002	
1941	0.32356	-7.132e-002	-7.132e-002	-7.132e-002	
1942	0.32373	-7.0739e-002	-7.0739e-002	-7.0739e-002	
1943	0.3239	-6.9687e-002	-6.9687e-002	-6.9687e-002	
1944	0.32406	-6.8122e-002	-6.8122e-002	-6.8122e-002	
1945	0.32423	-6.6097e-002	-6.6097e-002	-6.6097e-002	
1946	0.3244	-6.3754e-002	-6.3754e-002	-6.3754e-002	
1947	0.32456	-6.1301e-002	-6.1301e-002	-6.1301e-002	
1948	0.32473	-5.8983e-002	-5.8983e-002	-5.8983e-002	
1949	0.3249	-5.7036e-002	-5.7036e-002	-5.7036e-002	
1950	0.32506	-5.5649e-002	-5.5649e-002	-5.5649e-002	
1951	0.32523	-5.4924e-002	-5.4924e-002	-5.4924e-002	
1952	0.3254	-5.4855e-002	-5.4855e-002	-5.4855e-002	
1953	0.32557	-5.5322e-002	-5.5322e-002	-5.5322e-002	
1954	0.32573	-5.6108e-002	-5.6108e-002	-5.6108e-002	
1955	0.3259	-5.6928e-002	-5.6928e-002	-5.6928e-002	
1956	0.32607	-5.7472e-002	-5.7472e-002	-5.7472e-002	
1957	0.32623	-5.7459e-002	-5.7459e-002	-5.7459e-002	
1958	0.3264	-5.6685e-002	-5.6685e-002	-5.6685e-002	
1959	0.32657	-5.506e-002	-5.506e-002	-5.506e-002	
1960	0.32673	-5.2624e-002	-5.2624e-002	-5.2624e-002	
1961	0.3269	-4.9555e-002	-4.9555e-002	-4.9555e-002	
1962	0.32707	-4.6138e-002	-4.6138e-002	-4.6138e-002	
1963	0.32723	-4.2728e-002	-4.2728e-002	-4.2728e-002	
1964	0.3274	-3.9694e-002	-3.9694e-002	-3.9694e-002	
1965	0.32757	-3.736e-002	-3.736e-002	-3.736e-002	
1966	0.32773	-3.5953e-002	-3.5953e-002	-3.5953e-002	
1967	0.3279	-3.556e-002	-3.556e-002	-3.556e-002	
1968	0.32807	-3.6115e-002	-3.6115e-002	-3.6115e-002	
1969	0.32823	-3.7398e-002	-3.7398e-002	-3.7398e-002	
1970	0.3284	-3.907e-002	-3.907e-002	-3.907e-002	
1971	0.32857	-4.0719e-002	-4.0719e-002	-4.0719e-002	
1972	0.32873	-4.1927e-002	-4.1927e-002	-4.1927e-002	
1973	0.3289	-4.2329e-002	-4.2329e-002	-4.2329e-002	
1974	0.32907	-4.1677e-002	-4.1677e-002	-4.1677e-002	
1975	0.32923	-3.9879e-002	-3.9879e-002	-3.9879e-002	
1976	0.3294	-3.7015e-002	-3.7015e-002	-3.7015e-002	
1977	0.32957	-3.3331e-002	-3.3331e-002	-3.3331e-002	
1978	0.32973	-2.9203e-002	-2.9203e-002	-2.9203e-002	
1979	0.3299	-2.5081e-002	-2.5081e-002	-2.5081e-002	
1980	0.33007	-2.1422e-002	-2.1422e-002	-2.1422e-002	
1981	0.33023	-1.8618e-002	-1.8618e-002	-1.8618e-002	
1982	0.3304	-1.6939e-002	-1.6939e-002	-1.6939e-002	
1983	0.33057	-1.6487e-002	-1.6487e-002	-1.6487e-002	
1984	0.33073	-1.7177e-002	-1.7177e-002	-1.7177e-002	
1985	0.3309	-1.8755e-002	-1.8755e-002	-1.8755e-002	
1986	0.33107	-2.0828e-002	-2.0828e-002	-2.0828e-002	
1987	0.33123	-2.2927e-002	-2.2927e-002	-2.2927e-002	
1988	0.3314	-2.4577e-002	-2.4577e-002	-2.4577e-002	
1989	0.33157	-2.5368e-002	-2.5368e-002	-2.5368e-002	
1990	0.33173	-2.5017e-002	-2.5017e-002	-2.5017e-002	
1991	0.3319	-2.3415e-002	-2.3415e-002	-2.3415e-002	
1992	0.33207	-2.0636e-002	-2.0636e-002	-2.0636e-002	
1993	0.33223	-1.6933e-002	-1.6933e-002	-1.6933e-002	
1994	0.3324	-1.2693e-002	-1.2693e-002	-1.2693e-002	
1995	0.33257	-8.3831e-003	-8.3831e-003	-8.3831e-003	
1996	0.33273	-4.4772e-003	-4.4772e-003	-4.4772e-003	
1997	0.3329	-1.3847e-003	-1.3847e-003	-1.3847e-003	
1998	0.33307	6.0955e-004	6.0955e-004	6.0955e-004	
1999	0.33323	1.3873e-003	1.3873e-003	1.3873e-003	
2000	0.3334	1.0124e-003	1.0124e-003	1.0124e-003	
2001	0.33357	-2.8113e-004	-2.8113e-004	-2.8113e-004	
2002	0.33373	-2.1267e-003	-2.1267e-003	-2.1267e-003	
2003	0.3339	-4.0822e-003	-4.0822e-003	-4.0822e-003	
2004	0.33407	-5.6975e-003	-5.6975e-003	-5.6975e-003	
2005	0.33423	-6.5818e-003	-6.5818e-003	-6.5818e-003	
2006	0.3344	-6.4613e-003	-6.4613e-003	-6.4613e-003	
2007	0.33457	-5.2172e-003	-5.2172e-003	-5.2172e-003	
2008	0.33473	-2.9e-003	-2.9e-003	-2.9e-003	
2009	0.3349	2.8268e-004	2.8268e-004	2.8268e-004	
2010	0.33507	4.001e-003	4.001e-003	4.001e-003	
2011	0.33523	7.8562e-003	7.8562e-003	7.8562e-003	
2012	0.3354	1.1442e-002	1.1442e-002	1.1442e-002	
2013	0.33557	1.4406e-002	1.4406e-002	1.4406e-002	
2014	0.33573	1.65e-002	1.65e-002	1.65e-002	
2015	0.3359	1.7614e-002	1.7614e-002	1.7614e-002	
2016	0.33607	1.7788e-002	1.7788e-002	1.7788e-002	
2017	0.33623	1.7198e-002	1.7198e-002	1.7198e-002	
2018	0.3364	1.6127e-002	1.6127e-002	1.6127e-002	
2019	0.33657	1.4914e-002	1.4914e-002	1.4914e-002	
2020	0.33673	1.3903e-002	1.3903e-002	1.3903e-002	
2021	0.3369	1.3391e-002	1.3391e-002	1.3391e-002	
2022	0.33707	1.3584e-002	1.3584e-002	1.3584e-002	
2023	0.33723	1.4572e-002	1.4572e-002	1.4572e-002	
2024	0.3374	1.632e-002	1.632e-002	1.632e-002	
2025	0.33757	1.8684e-002	1.8684e-002	1.8684e-002	
2026	0.33773	2.1435e-002	2.1435e-002	2.1435e-002	
2027	0.3379	2.4303e-002	2.4303e-002	2.4303e-002	
2028	0.33807	2.7019e-002	2.7019e-002	2.7019e-002	
2029	0.33823	2.9357e-002	2.9357e-002	2.9357e-002	
2030	0.3384	3.1166e-002	3.1166e-002	3.1166e-002	
2031	0.33857	3.2389e-002	3.2389e-002	3.2389e-002	
2032	0.33873	3.3062e-002	3.3062e-002	3.3062e-002	
2033	0.3389	3.3301e-002	3.3301e-002	3.3301e-002	
2034	0.33907	3.3281e-002	3.3281e-002	3.3281e-002	
2035	0.33923	3.3197e-002	3.3197e-002	3.3197e-002	
2036	0.3394	3.3233e-002	3.3233e-002	3.3233e-002	
2037	0.33957	3.3534e-002	3.3534e-002	3.3534e-002	
2038	0.33973	3.4184e-002	3.4184e-002	3.4184e-002	
2039	0.3399	3.5199e-002	3.5199e-002	3.5199e-002	
2040	0.34007	3.6531e-002	3.6531e-002	3.6531e-002	
2041	0.34023	3.8086e-002	3.8086e-002	3.8086e-002	
2042	0.3404	3.9742e-002	3.9742e-002	3.9742e-002	
2043	0.34057	4.1379e-002	4.1379e-002	4.1379e-002	
2044	0.34073	4.2898e-002	4.2898e-002	4.2898e-002	
2045	0.3409	4.4243e-002	4.4243e-002	4.4243e-002	
2046	0.34107	4.5401e-002	4.5401e-002	4.5401e-002	
2047	0.34123	4.6406e-002	4.6406e-002	4.6406e-002	
2048	0.3414	4.7324e-002	4.7324e-002	4.7324e-002	
2049	0.34157	4.8236e-002	4.8236e-002	4.8236e-002	
2050	0.34173	4.9217e-002	4.9217e-002	4.9217e-002	
2051	0.3419	5.0316e-002	5.0316e-002	5.0316e-002	
2052	0.34207	5.1548e-002	5.1548e-002	5.1548e-002	
2053	0.34224	5.2884e-002	5.2884e-002	5.2884e-002	
2054	0.3424	5.426e-002	5.426e-002	5.426e-002	
2055	0.34257	5.5589e-002	5.5589e-002	5.5589e-002	
2056	0.34274	5.6781e-002	5.6781e-002	5.6781e-002	
2057	0.3429	5.7763e-002	5.7763e-002	5.7763e-002	
2058	0.34307	5.8497e-002	5.8497e-002	5.8497e-002	
2059	0.34324	5.8996e-002	5.8996e-002	5.8996e-002	
2060	0.3434	5.9323e-002	5.9323e-002	5.9323e-002	
2061	0.34357	5.9587e-002	5.9587e-002	5.9587e-002	
2062	0.34374	5.9924e-002	5.9924e-002	5.9924e-002	
2063	0.3439	6.0473e-002	6.0473e-002	6.0473e-002	
2064	0.34407	6.1352e-002	6.1352e-002	6.1352e-002	
2065	0.34424	6.2632e-002	6.2632e-002	6.2632e-002	
2066	0.3444	6.4321e-002	6.4321e-002	6.4321e-002	
2067	0.34457	6.6354e-002	6.6354e-002	6.6354e-002	
2068	0.34474	6.8602e-002	6.8602e-002	6.8602e-002	
2069	0.3449	7.0885e-002	7.0885e-002	7.0885e-002	
2070	0.34507	7.3005e-002	7.3005e-002	7.3005e-002	
2071	0.34524	7.4773e-002	7.4773e-002	7.4773e-002	
2072	0.3454	7.6044e-002	7.6044e-002	7.6044e-002	
2073	0.34557	7.6746e-002	7.6746e-002	7.6746e-002	
2074	0.34574	7.6894e-002	7.6894e-002	7.6894e-002	
2075	0.3459	7.6591e-002	7.6591e-002	7.6591e-002	
2076	0.34607	7.6022e-002	7.6022e-002	7.6022e-002	
2077	0.34624	7.5422e-002	7.5422e-002	7.5422e-002	
2078	0.3464	7.5042e-002	7.5042e-002	7.5042e-002	
2079	0.34657	7.511e-002	7.511e-002	7.511e-002	
2080	0.34674	7.5793e-002	7.5793e-002	7.5793e-002	
2081	0.3469	7.7165e-002	7.7165e-002	7.7165e-002	
2082	0.34707	7.9198e-002	7.9198e-002	7.9198e-002	
2083	0.34724	8.1754e-002	8.1754e-002	8.1754e-002	
2084	0.3474	8.4611e-002	8.4611e-002	8.4611e-002	
2085	0.34757	8.7494e-002	8.7494e-002	8.7494e-002	
2086	0.34774	9.0111e-002	9.0111e-002	9.0111e-002	
2087	0.3479	9.2209e-002	9.2209e-002	9.2209e-002	
2088	0.34807	9.3605e-002	9.3605e-002	9.3605e-002	
2089	0.34824	9.4224e-002	9.4224e-002	9.4224e-002	
2090	0.3484	9.4108e-002	9.4108e-002	9.4108e-002	
2091	0.34857	9.3413e-002	9.3413e-002	9.3413e-002	
2092	0.34874	9.2388e-002	9.2388e-002	9.2388e-002	
2093	0.3489	9.1336e-002	9.1336e-002	9.1336e-002	
2094	0.34907	9.0567e-002	9.0567e-002	9.0567e-002	
2095	0.34924	9.035e-002	9.035e-002	9.035e-002	
2096	0.3494	9.0872e-002	9.0872e-002	9.0872e-002	
2097	0.34957	9.2205e-002	9.2205e-002	9.2205e-002	
2098	0.34974	9.4296e-002	9.4296e-002	9.4296e-002	
2099	0.3499	9.6975e-002	9.6975e-002	9.6975e-002	
2100	0.35007	9.998e-002	9.998e-002	9.998e-002	
2101	0.35024	0.103	0.103	0.103	
2102	0.3504	0.10571	0.10571	0.10571	
2103	0.35057	0.10785	0.10785	0.10785	
2104	0.35074	0.10923	0.10923	0.10923	
2105	0.3509	0.1098	0.1098	0.1098	
2106	0.35107	0.10962	0.10962	0.10962	
2107	0.35124	0.10887	0.10887	0.10887	
2108	0.3514	0.1078	0.1078	0.1078	
2109	0.35157	0.10675	0.10675	0.10675	
2110	0.35174	0.106	0.106	0.106	
2111	0.3519	0.10581	0.10581	0.10581	
2112	0.35207	0.10635	0.10635	0.10635	
2113	0.35224	0.10767	0.10767	0.10767	
2114	0.3524	0.10968	0.10968	0.10968	
2115	0.35257	0.1122	0.1122	0.1122	
2116	0.35274	0.11498	0.11498	0.11498	
2117	0.3529	0.11771	0.11771	0.11771	
2118	0.35307	0.1201	0.1201	0.1201	
2119	0.35324	0.12194	0.12194	0.12194	
2120	0.3534	0.12309	0.12309	0.12309	
2121	0.35357	0.12353	0.12353	0.12353	
2122	0.35374	0.12334	0.12334	0.12334	
2123	0.3539	0.12272	0.12272	0.12272	
2124	0.35407	0.12191	0.12191	0.12191	
2125	0.35424	0.12119	0.12119	0.12119	
2126	0.3544	0.12081	0.12081	0.12081	
2127	0.35457	0.12096	0.12096	0.12096	
2128	0.35474	0.12174	0.12174	0.12174	
2129	0.3549	0.12314	0.12314	0.12314	
2130	0.35507	0.12504	0.12504	0.12504	
2131	0.35524	0.12727	0.12727	0.12727	
2132	0.3554	0.12958	0.12958	0.12958	
2133	0.35557	0.13173	0.13173	0.13173	
2134	0.35574	0.13351	0.13351	0.13351	
2135	0.3559	0.13477	0.13477	0.13477	
2136	0.35607	0.13548	0.13548	0.13548	
2137	0.35624	0.13566	0.13566	0.13566	
2138	0.3564	0.13545	0.13545	0.13545	
2139	0.35657	0.13504	0.13504	0.13504	
2140	0.35674	0.13464	0.13464	0.13464	
2141	0.3569	0.13447	0.13447	0.13447	
2142	0.35707	0.13468	0.13468	0.13468	
2143	0.35724	0.13537	0.13537	0.13537	
2144	0.3574	0.13654	0.13654	0.13654	
2145	0.35757	0.13811	0.13811	0.13811	
2146	0.35774	0.13992	0.13992	0.13992	
2147	0.3579	0.14179	0.14179	0.14179	
2148	0.35807	0.14352	0.14352	0.14352	
2149	0.35824	0.14494	0.14494	0.14494	
2150	0.3584	0.14593	0.14593	0.14593	
2151	0.35857	0.14647	0.14647	0.14647	
2152	0.35874	0.14661	0.14661	0.14661	
2153	0.35891	0.14646	0.14646	0.14646	
2154	0.35907	0.14621	0.14621	0.14621	
2155	0.35924	0.14603	0.14603	0.14603	
2156	0.35941	0.1461	0.1461	0.1461	
2157	0.35957	0.14656	0.14656	0.14656	
2158	0.35974	0.14746	0.14746	0.14746	
2159	0.35991	0.14878	0.14878	0.14878	
2160	0.36007	0.1504	0.1504	0.1504	
2161	0.36024	0.15217	0.15217	0.15217	
2162	0.36041	0.1539	0.1539	0.1539	
2163	0.36057	0.15539	0.15539	0.15539	
2164	0.36074	0.1565	0.1565	0.1565	
2165	0.36091	0.15713	0.15713	0.15713	
2166	0.36107	0.15728	0.15728	0.15728	
2167	0.36124	0.15705	0.15705	0.15705	
2168	0.36141	0.15658	0.15658	0.15658	
2169	0.36157	0.15607	0.15607	0.15607	
2170	0.36174	0.15576	0.15576	0.15576	
2171	0.36191	0.15581	0.15581	0.15581	
2172	0.36207	0.15637	0.15637	0.15637	
2173	0.36224	0.15747	0.15747	0.15747	
2174	0.36241	0.15906	0.15906	0.15906	
2175	0.36257	0.161	0.161	0.161	
2176	0.36274	0.16308	0.16308	0.16308	
2177	0.36291	0.16506	0.16506	0.16506	
2178	0.36307	0.1667	0.1667	0.1667	
2179	0.36324	0.16782	0.16782	0.16782	
2180	0.36341	0.16831	0.16831	0.16831	
2181	0.36357	0.16817	0.16817	0.16817	
2182	0.36374	0.1675	0.1675	0.1675	
2183	0.36391	0.1665	0.1665	0.1665	
2184	0.36407	0.16543	0.16543	0.16543	
2185	0.36424	0.16457	0.16457	0.16457	
2186	0.36441	0.16417	0.16417	0.16417	
2187	0.36457	0.16441	0.16441	0.16441	
2188	0.36474	0.16539	0.16539	0.16539	
2189	0.36491	0.16707	0.16707	0.16707	
2190	0.36507	0.16929	0.16929	0.16929	
2191	0.36524	0.1718	0.1718	0.1718	
2192	0.36541	0.17431	0.17431	0.17431	
2193	0.36557	0.1765	0.1765	0.1765	
2194	0.36574	0.17809	0.17809	0.17809	
2195	0.36591	0.1789	0.1789	0.1789	
2196	0.36607	0.17887	0.17887	0.17887	
2197	0.36624	0.17805	0.17805	0.17805	
2198	0.36641	0.17666	0.17666	0.17666	
2199	0.36657	0.17497	0.17497	0.17497	
2200	0.36674	0.17333	0.17333	0.17333	
2201	0.36691	0.17209	0.17209	0.17209	
2202	0.36707	0.17154	0.17154	0.17154	
2203	0.36724	0.17187	0.17187	0.17187	
2204	0.36741	0.17312	0.17312	0.17312	
2205	0.36757	0.17521	0.17521	0.17521	
2206	0.36774	0.1779	0.1779	0.1779	
2207	0.36791	0.18087	0.18087	0.18087	
2208	0.36807	0.18373	0.18373	0.18373	
2209	0.36824	0.18612	0.18612	0.18612	
2210	0.36841	0.18774	0.18774	0.18774	
2211	0.36857	0.18838	0.18838	0.18838	
2212	0.36874	0.18802	0.18802	0.18802	
2213	0.36891	0.18675	0.18675	0.18675	
2214	0.36907	0.18484	0.18484	0.18484	
2215	0.36924	0.18263	0.18263	0.18263	
2216	0.36941	0.18053	0.18053	0.18053	
2217	0.36957	0.17893	0.17893	0.17893	
2218	0.36974	0.17814	0.17814	0.17814	
2219	0.36991	0.17837	0.17837	0.17837	
2220	0.37007	0.17964	0.17964	0.17964	
2221	0.37024	0.18185	0.18185	0.18185	
2222	0.37041	0.18472	0.18472	0.18472	
2223	0.37057	0.1879	0.1879	0.1879	
2224	0.37074	0.19096	0.19096	0.19096	
2225	0.37091	0.19351	0.19351	0.19351	
2226	0.37107	0.19521	0.19521	0.19521	
2227	0.37124	0.19587	0.19587	0.19587	
2228	0.37141	0.19545	0.19545	0.19545	
2229	0.37157	0.19407	0.19407	0.19407	
2230	0.37174	0.19198	0.19198	0.19198	
2231	0.37191	0.18956	0.18956	0.18956	
2232	0.37207	0.18721	0.18721	0.18721	
2233	0.37224	0.18535	0.18535	0.18535	
2234	0.37241	0.18429	0.18429	0.18429	
2235	0.37257	0.18424	0.18424	0.18424	
2236	0.37274	0.18525	0.18525	0.18525	
2237	0.37291	0.18721	0.18721	0.18721	
2238	0.37307	0.18987	0.18987	0.18987	
2239	0.37324	0.19288	0.19288	0.19288	
2240	0.37341	0.19584	0.19584	0.19584	
2241	0.37357	0.19835	0.19835	0.19835	
2242	0.37374	0.20011	0.20011	0.20011	
2243	0.37391	0.20091	0.20091	0.20091	
2244	0.37407	0.20069	0.20069	0.20069	
2245	0.37424	0.19955	0.19955	0.19955	
2246	0.37441	0.1977	0.1977	0.1977	
2247	0.37457	0.19548	0.19548	0.19548	
2248	0.37474	0.19325	0.19325	0.19325	
2249	0.37491	0.19138	0.19138	0.19138	
2250	0.37507	0.19016	0.19016	0.19016	
2251	0.37524	0.18979	0.18979	0.18979	
2252	0.37541	0.19033	0.19033	0.19033	
2253	0.37558	0.19172	0.19172	0.19172	
2254	0.37574	0.19375	0.19375	0.19375	
2255	0.37591	0.19615	0.19615	0.19615	
2256	0.37608	0.1986	0.1986	0.1986	
2257	0.37624	0.20076	0.20076	0.20076	
2258	0.37641	0.20237	0.20237	0.20237	
2259	0.37658	0.20325	0.20325	0.20325	
2260	0.37674	0.20334	0.20334	0.20334	
2261	0.37691	0.20268	0.20268	0.20268	
2262	0.37708	0.20143	0.20143	0.20143	
2263	0.37724	0.19983	0.19983	0.19983	
2264	0.37741	0.19814	0.19814	0.19814	
2265	0.37758	0.19663	0.19663	0.19663	
2266	0.37774	0.19553	0.19553	0.19553	
2267	0.37791	0.19499	0.19499	0.19499	
2268	0.37808	0.19507	0.19507	0.19507	
2269	0.37824	0.19574	0.19574	0.19574	
2270	0.37841	0.19689	0.19689	0.19689	
2271	0.37858	0.19833	0.19833	0.19833	
2272	0.37874	0.19985	0.19985	0.19985	
2273	0.37891	0.20126	0.20126	0.20126	
2274	0.37908	0.20238	0.20238	0.20238	
2275	0.37924	0.2031	0.2031	0.2031	
2276	0.37941	0.20336	0.20336	0.20336	
2277	0.37958	0.20319	0.20319	0.20319	
2278	0.37974	0.20267	0.20267	0.20267	
2279	0.37991	0.20192	0.20192	0.20192	
2280	0.38008	0.20109	0.20109	0.20109	
2281	0.38024	0.20031	0.20031	0.20031	
2282	0.38041	0.19969	0.19969	0.19969	
2283	0.38058	0.1993	0.1993	0.1993	
2284	0.38074	0.19917	0.19917	0.19917	
2285	0.38091	0.19926	0.19926	0.19926	
2286	0.38108	0.19954	0.19954	0.19954	
2287	0.38124	0.19992	0.19992	0.19992	
2288	0.38141	0.20032	0.20032	0.20032	
2289	0.38158	0.20069	0.20069	0.20069	
2290	0.38174	0.20098	0.20098	0.20098	
2291	0.38191	0.20117	0.20117	0.20117	
2292	0.38208	0.20127	0.20127	0.20127	
2293	0.38224	0.20132	0.20132	0.20132	
2294	0.38241	0.20135	0.20135	0.20135	
2295	0.38258	0.2014	0.2014	0.2014	
2296	0.38274	0.20148	0.20148	0.20148	
2297	0.38291	0.2016	0.2016	0.2016	
2298	0.38308	0.20174	0.20174	0.20174	
2299	0.38324	0.20184	0.20184	0.20184	
2300	0.38341	0.20186	0.20186	0.20186	
2301	0.38358	0.20174	0.20174	0.20174	
2302	0.38374	0.20146	0.20146	0.20146	
2303	0.38391	0.20101	0.20101	0.20101	
2304	0.38408	0.20041	0.20041	0.20041	
2305	0.38424	0.19972	0.19972	0.19972	
2306	0.38441	0.19902	0.19902	0.19902	
2307	0.38458	0.19842	0.19842	0.19842	
2308	0.38474	0.198	0.198	0.198	
2309	0.38491	0.19785	0.19785	0.19785	
2310	0.38508	0.19801	0.19801	0.19801	
2311	0.38524	0.19847	0.19847	0.19847	
2312	0.38541	0.19918	0.19918	0.19918	
2313	0.38558	0.20005	0.20005	0.20005	
2314	0.38574	0.20093	0.20093	0.20093	
2315	0.38591	0.20167	0.20167	0.20167	
2316	0.38608	0.20215	0.20215	0.20215	
2317	0.38624	0.20224	0.20224	0.20224	
2318	0.38641	0.20189	0.20189	0.20189	
2319	0.38658	0.20109	0.20109	0.20109	
2320	0.38674	0.19992	0.19992	0.19992	
2321	0.38691	0.1985	0.1985	0.1985	
2322	0.38708	0.19699	0.19699	0.19699	
2323	0.38724	0.19559	0.19559	0.19559	
2324	0.38741	0.19446	0.19446	0.19446	
2325	0.38758	0.19376	0.19376	0.19376	
2326	0.38774	0.19357	0.19357	0.19357	
2327	0.38791	0.19391	0.19391	0.19391	
2328	0.38808	0.19471	0.19471	0.19471	
2329	0.38824	0.19585	0.19585	0.19585	
2330	0.38841	0.19714	0.19714	0.19714	
2331	0.38858	0.19837	0.19837	0.19837	
2332	0.38874	0.19934	0.19934	0.19934	
2333	0.38891	0.19987	0.19987	0.19987	
2334	0.38908	0.19985	0.19985	0.19985	
2335	0.38924	0.19925	0.19925	0.19925	
2336	0.38941	0.1981	0.1981	0.1981	
2337	0.38958	0.19651	0.19651	0.19651	
2338	0.38974	0.19468	0.19468	0.19468	
2339	0.38991	0.1928	0.1928	0.1928	
2340	0.39008	0.1911	0.1911	0.1911	
2341	0.39024	0.18977	0.18977	0.18977	
2342	0.39041	0.18895	0.18895	0.18895	
2343	0.39058	0.18871	0.18871	0.18871	
2344	0.39074	0.18903	0.18903	0.18903	
2345	0.39091	0.18983	0.18983	0.18983	
2346	0.39108	0.19096	0.19096	0.19096	
2347	0.39124	0.19221	0.19221	0.19221	
2348	0.39141	0.19338	0.19338	0.19338	
2349	0.39158	0.19427	0.19427	0.19427	
2350	0.39174	0.19472	0.19472	0.19472	
2351	0.39191	0.19464	0.19464	0.19464	
2352	0.39208	0.19399	0.19399	0.19399	
2353	0.39225	0.19283	0.19283	0.19283	
2354	0.39241	0.19127	0.19127	0.19127	
2355	0.39258	0.18948	0.18948	0.18948	
2356	0.39275	0.18763	0.18763	0.18763	
2357	0.39291	0.18593	0.18593	0.18593	
2358	0.39308	0.18452	0.18452	0.18452	
2359	0.39325	0.18354	0.18354	0.18354	
2360	0.39341	0.18304	0.18304	0.18304	
2361	0.39358	0.18302	0.18302	0.18302	
2362	0.39375	0.18342	0.18342	0.18342	
2363	0.39391	0.18413	0.18413	0.18413	
2364	0.39408	0.185	0.185	0.185	
2365	0.39425	0.18586	0.18586	0.18586	
2366	0.39441	0.18656	0.18656	0.18656	
2367	0.39458	0.18697	0.18697	0.18697	
2368	0.39475	0.187	0.187	0.187	
2369	0.39491	0.1866	0.1866	0.1866	
2370	0.39508	0.18579	0.18579	0.18579	
2371	0.39525	0.1846	0.1846	0.1846	
2372	0.39541	0.18314	0.18314	0.18314	
2373	0.39558	0.18153	0.18153	0.18153	
2374	0.39575	0.1799	0.1799	0.1799	
2375	0.39591	0.17839	0.17839	0.17839	
2376	0.39608	0.1771	0.1771	0.1771	
2377	0.39625	0.17612	0.17612	0.17612	
2378	0.39641	0.1755	0.1755	0.1755	
2379	0.39658	0.17524	0.17524	0.17524	
2380	0.39675	0.17532	0.17532	0.17532	
2381	0.39691	0.17566	0.17566	0.17566	
2382	0.39708	0.17618	0.17618	0.17618	
2383	0.39725	0.17674	0.17674	0.17674	
2384	0.39741	0.17724	0.17724	0.17724	
2385	0.39758	0.17756	0.17756	0.17756	
2386	0.39775	0.17759	0.17759	0.17759	
2387	0.39791	0.17728	0.17728	0.17728	
2388	0.39808	0.17659	0.17659	0.17659	
2389	0.39825	0.17553	0.17553	0.17553	
2390	0.39841	0.17415	0.17415	0.17415	
2391	0.39858	0.17255	0.17255	0.17255	
2392	0.39875	0.17083	0.17083	0.17083	
2393	0.39891	0.16912	0.16912	0.16912	
2394	0.39908	0.16757	0.16757	0.16757	
2395	0.39925	0.16629	0.16629	0.16629	
2396	0.39941	0.16536	0.16536	0.16536	
2397	0.39958	0.16485	0.16485	0.16485	
2398	0.39975	0.16475	0.16475	0.16475	
2399	0.39991	0.16501	0.16501	0.16501	
2400	0.4	0.16526	0.16526	0.16526	
